Player,Age,Tm,G,MP,PER,TS%,3PAr,FTr,ORB%,DRB%,TRB%,AST%,STL%,BLK%,TOV%,USG%,OWS,DWS,WS,WS/48,OBPM,DBPM,BPM,VORP,Award
Precious Achiuwa,23,TOR,55,1140,15.2,0.554,0.267,0.307,9.3,24.4,16.3,6.3,1.3,2.6,11.4,19.4,0.8,1.4,2.2,0.093,-1.4,-0.8,-2.3,-0.1,
Steven Adams,29,MEM,42,1133,17.5,0.564,0.004,0.49,20.1,25.3,22.7,11.2,1.5,3.7,19.8,14.6,1.3,2.1,3.4,0.144,-0.3,0.9,0.6,0.7,
Bam Adebayo,25,MIA,75,2598,20.1,0.592,0.011,0.361,8,23.6,15.5,15.9,1.7,2.4,12.7,25.2,3.6,3.8,7.4,0.137,0.8,0.8,1.5,2.3,
Ochai Agbaji,22,UTA,59,1209,9.5,0.561,0.591,0.179,3.9,6.9,5.4,7.5,0.6,1,9,15.8,0.9,0.4,1.3,0.053,-1.7,-1.4,-3,-0.3,
Santi Aldama,22,MEM,77,1682,13.9,0.591,0.507,0.274,5.4,18,11.7,7.6,1.3,2.6,9.3,16,2.1,2.4,4.6,0.13,-0.3,0.8,0.5,1.1,
Nickeil Alexander-Walker,24,TOT,59,884,11.6,0.565,0.539,0.203,1.9,10.5,6.3,16.7,1.7,2,14.6,17.9,0.3,0.8,1.1,0.062,-1.4,0.4,-0.9,0.2,
Grayson Allen,27,MIL,72,1972,12.3,0.612,0.657,0.226,3.4,9,6.3,10.9,1.5,0.6,10.5,14.6,2.8,2.2,5.1,0.123,-0.6,0.7,0.1,1,
Jarrett Allen,24,CLE,68,2220,19.9,0.67,0.016,0.353,11.7,23.6,17.7,7.5,1.2,3.5,11.4,16.4,5.5,4,9.5,0.205,1.3,1,2.4,2.4,
Jose Alvarado,24,NOP,61,1310,11.8,0.525,0.505,0.164,2.4,9.8,6.1,19.9,2.5,0.7,13.4,19.8,0.1,1.7,1.8,0.066,-2,0.7,-1.2,0.3,
Kyle Anderson,29,MIN,69,1957,14.8,0.583,0.212,0.275,3.8,16.9,10.5,22.6,1.9,2.8,15.7,14.4,2.5,2.6,5.1,0.125,0.2,2.3,2.5,2.2,
Giannis Antetokounmpo,28,MIL,63,2024,29,0.605,0.134,0.604,7.3,30,19.1,33.2,1.2,2.1,13.2,38.8,4.9,3.7,8.6,0.204,5.8,2.7,8.5,5.4,
Thanasis Antetokounmpo,30,MIL,37,206,6.7,0.458,0.174,0.478,7.9,14.1,11.1,9.3,0.7,1.2,17.7,13.8,-0.1,0.2,0.1,0.022,-6.5,-1.1,-7.6,-0.3,
Cole Anthony,22,ORL,60,1552,16,0.57,0.338,0.279,3.4,17.6,10.5,22.9,1.2,1.9,11.7,21.5,2.1,1.7,3.7,0.116,0.7,0.5,1.3,1.3,
OG Anunoby,25,TOR,67,2386,14.6,0.586,0.415,0.189,4.2,12.1,7.9,8,2.7,2,12.1,19.5,1.8,2.9,4.7,0.094,-0.3,0.7,0.4,1.5,
Ryan Arcidiacono,28,TOT,20,172,2.7,0.351,0.622,0,0,10,5,16.9,1.4,0,15.9,11.1,-0.2,0.1,-0.2,-0.043,-7.3,-1.5,-8.8,-0.3,
Deni Avdija,22,WAS,76,2020,11.2,0.535,0.401,0.285,4.2,21.9,13.4,13.9,1.6,1.2,15.9,16.7,0,2.3,2.3,0.054,-2.8,0.5,-2.3,-0.1,
Deandre Ayton,24,PHO,67,2035,19.9,0.617,0.027,0.225,9.2,27.5,18.1,9.2,0.9,2.3,11,22.9,3.3,3,6.2,0.147,0.9,0,0.9,1.5,
Udoka Azubuike,23,UTA,36,359,16.1,0.774,0,0.278,9.5,26.1,17.9,4.3,0.8,3.5,18.2,11.5,0.6,0.4,1,0.134,-1.2,0.5,-0.6,0.1,
Marvin Bagley III,23,DET,42,990,17.2,0.587,0.173,0.283,10.2,20.2,15.1,5.9,0.9,2.7,9.7,20.4,1.3,0.7,2,0.095,0.3,-1.2,-0.9,0.3,
Patrick Baldwin Jr.,20,GSW,31,226,11.3,0.546,0.771,0.055,0.5,18.6,9.7,6.9,1.3,1.6,9,22.8,-0.1,0.3,0.1,0.029,-0.7,-1.4,-2.1,0,
LaMelo Ball,21,CHO,36,1268,17.9,0.541,0.531,0.169,3.5,16.2,9.7,38.7,1.7,0.8,14.3,30,0.6,1.2,1.8,0.068,3.2,-0.8,2.4,1.4,
Mo Bamba,24,TOT,49,769,15.7,0.602,0.515,0.257,8.5,24.2,16.4,8.7,0.8,5.3,10.1,16.6,1.1,1.1,2.2,0.139,-0.2,0.7,0.5,0.5,
Paolo Banchero,20,ORL,72,2430,14.9,0.529,0.254,0.476,3.9,19.3,11.6,17.2,1.2,1.5,12.8,27.5,-0.3,2.6,2.4,0.047,-0.7,-0.7,-1.5,0.3,
Desmond Bane,24,MEM,58,1841,19.1,0.606,0.433,0.218,2.5,14.3,8.4,20.8,1.4,1.1,10.9,26.1,3.5,2.3,5.8,0.151,3.3,0.1,3.5,2.5,
Dalano Banton,23,TOR,31,279,14.9,0.505,0.392,0.185,4.2,14.9,9.1,19.3,2.3,4.5,11.4,24.2,0,0.4,0.4,0.064,-1.1,0.6,-0.5,0.1,
Dominick Barlow,19,SAS,28,408,12.4,0.567,0.047,0.291,11.9,15.6,13.7,7.6,1.2,3.8,13.4,11.3,0.5,0.2,0.7,0.082,-3.7,-0.8,-4.6,-0.3,
Harrison Barnes,30,SAC,82,2662,14.1,0.632,0.446,0.522,3.8,11.9,7.9,6.3,1,0.3,8.1,17.1,5.1,1.4,6.5,0.118,0.5,-1.5,-1,0.7,
Scottie Barnes,21,TOR,77,2678,15.5,0.524,0.22,0.242,7.1,15.2,10.8,20,1.5,2.2,12,20.3,2.3,2.7,5,0.09,0.5,-0.1,0.4,1.6,
RJ Barrett,22,NYK,73,2475,12.9,0.531,0.332,0.333,2.7,13.7,8.2,12.4,0.6,0.6,10.8,26.2,0.5,1.8,2.2,0.043,-1.2,-1.9,-3.1,-0.7,
Will Barton,32,TOT,56,993,10,0.493,0.495,0.129,1.7,13.5,7.7,15.4,1.4,1.1,11.1,18.9,-0.4,0.8,0.4,0.021,-2,-0.6,-2.6,-0.2,
Charles Bassey,22,SAS,35,508,18.8,0.658,0.059,0.274,15.5,26.4,20.7,12.9,1.5,5.4,21.3,15.6,0.7,0.6,1.3,0.122,-0.7,1.3,0.6,0.3,
Keita Bates-Diop,27,SAS,67,1452,14.9,0.609,0.305,0.323,4.7,14.3,9.3,9.8,1.5,1.1,9.5,16.7,2.1,0.6,2.7,0.089,0.3,-0.9,-0.6,0.5,
Nicolas Batum,34,LAC,78,1709,11,0.594,0.832,0.126,4.1,15.4,9.8,9.4,1.5,2.3,11.1,11.5,1.7,1.9,3.6,0.101,-0.8,1.2,0.5,1,
Darius Bazley,22,TOT,43,616,13.1,0.524,0.29,0.383,5.8,18.5,12.1,8.3,1.7,5.1,11.2,16.4,0.1,0.9,1,0.078,-2,1,-1,0.2,
Bradley Beal,29,WAS,50,1673,19.7,0.593,0.249,0.26,2.8,9.9,6.5,26.6,1.3,1.7,12.9,29.2,2.2,1.2,3.4,0.099,2.9,-1.2,1.8,1.6,
Malik Beasley,26,TOT,81,2093,10.9,0.531,0.702,0.069,1.8,12.5,7.3,8.4,1.5,0.4,8.5,21.1,-0.2,1.6,1.4,0.032,-0.9,-1,-2,0,
MarJon Beauchamp,22,MIL,52,701,8.2,0.513,0.584,0.152,5.9,11,8.5,6.7,1.4,0.8,14.8,18.3,-0.4,0.8,0.4,0.027,-4.1,-0.6,-4.8,-0.5,
D?vis Bert?ns,30,DAL,45,492,11.9,0.618,0.881,0.094,2.3,10.3,6.3,6.2,1.1,1.5,5.7,16.2,0.6,0.3,0.9,0.09,0,-1.3,-1.2,0.1,
Patrick Beverley,34,TOT,67,1816,8.9,0.534,0.664,0.181,2.7,12,7.5,13.3,1.7,2,13.4,10.6,0.8,2.1,3,0.079,-2.9,1.7,-1.2,0.3,
Saddiq Bey,23,TOT,77,2129,14.6,0.564,0.5,0.285,5,14,9.4,8.1,1.6,0.5,7,20.2,2.6,1.2,3.9,0.087,0.9,-1.2,-0.3,0.9,
Khem Birch,30,TOR,20,162,9.4,0.629,0.063,0.156,5.2,12.8,8.7,5.8,1.5,3,19,11.1,0.1,0.2,0.2,0.072,-4.6,1.1,-3.5,-0.1,
Goga Bitadze,23,TOT,38,457,17.1,0.582,0.208,0.336,15,18.7,16.8,12.1,1.7,5.3,13.3,15.4,0.8,0.6,1.3,0.141,-0.8,1.1,0.3,0.3,
Bismack Biyombo,30,PHO,61,874,14.4,0.555,0,0.34,11,22.1,16.5,8.7,1,9,17.7,14,0.2,1.6,1.9,0.102,-3.4,2.5,-0.9,0.2,
Buddy Boeheim,23,DET,10,90,0.5,0.287,0.926,0.074,2.4,5.1,3.7,5.8,1.1,0,0,13.2,-0.2,0,-0.2,-0.091,-7.5,-2,-9.5,-0.2,
Bogdan Bogdanovi?,30,ATL,54,1508,14.2,0.586,0.589,0.126,1.6,10.4,6,13.4,1.4,1,9.2,19.8,1.8,1,2.8,0.088,1.1,-0.7,0.5,0.9,
Bojan Bogdanovi?,33,DET,59,1893,17.4,0.627,0.4,0.344,2,11.3,6.5,13.6,0.9,0.4,11.7,25.9,3.1,0.4,3.5,0.09,2.6,-1.8,0.8,1.4,
Bol Bol,23,ORL,70,1505,14.4,0.603,0.236,0.226,5.2,25.3,15.2,6.9,1,5.5,17.6,18.2,0,2.2,2.3,0.072,-1.8,0.9,-0.9,0.4,
Leandro Bolmaro,22,UTA,14,68,-5,0.15,0.2,0,6.5,4.7,5.6,12.3,2.1,1.2,25.9,16.6,-0.4,0,-0.3,-0.231,-12.4,-2.3,-14.7,-0.2,
Devin Booker,26,PHO,53,1835,22,0.601,0.296,0.336,2.7,12,7.2,27.3,1.4,0.9,10.6,31.8,4.2,1.9,6,0.157,4.5,-0.3,4.2,2.9,
Brandon Boston Jr.,21,LAC,22,248,13.4,0.515,0.238,0.311,3.2,10.3,6.8,12.5,1.8,0,8,26.5,0,0.2,0.2,0.04,-1.5,-0.7,-2.2,0,
Chris Boucher,30,TOR,76,1523,18,0.59,0.357,0.318,10.9,21.2,15.7,2.7,1.5,4.1,6.4,18,3,2,5,0.156,0.7,-0.8,-0.1,0.7,
James Bouknight,22,CHO,34,515,6.2,0.463,0.565,0.155,1.6,13.5,7.5,11.1,1.3,0.8,13.4,19.5,-0.8,0.4,-0.4,-0.04,-5.4,-1.1,-6.5,-0.6,
Tony Bradley,25,CHI,12,33,21.7,0.69,0.417,0.333,3.5,33.8,18.9,4.4,1.5,2.9,6.8,19.8,0.1,0.1,0.2,0.22,4.4,0.5,4.9,0.1,
Malaki Branham,19,SAS,66,1550,9.5,0.524,0.417,0.115,1.9,11.2,6.4,11.4,1,0.4,10.6,19.1,-0.4,0.2,-0.1,-0.004,-3,-2.1,-5.2,-1.3,
Christian Braun,21,DEN,76,1181,10.3,0.568,0.332,0.221,4.8,12.6,8.8,6.4,1.7,1.3,9.9,13,0.7,1.2,1.9,0.079,-2.5,0.1,-2.4,-0.1,
Mikal Bridges,26,TOT,83,2963,16.8,0.587,0.349,0.279,2.9,10.8,6.8,13.7,1.5,1.8,8.2,22.6,4.4,3.1,7.5,0.121,1.5,0.2,1.7,2.8,
Oshae Brissett,24,IND,65,1083,10.6,0.52,0.486,0.455,6.4,16,11.2,5.4,1.4,1,8.2,16.1,0.4,0.7,1.1,0.05,-2,-1.2,-3.2,-0.3,
Malcolm Brogdon,30,BOS,67,1744,18.2,0.615,0.406,0.251,2.7,14.7,8.8,21.5,1.3,0.9,10.8,22.8,3.6,2.2,5.8,0.161,2.3,0.6,2.8,2.1,
Dillon Brooks,27,MEM,73,2214,9.4,0.494,0.443,0.155,2.2,9.5,5.8,11.7,1.4,0.7,8.9,21.8,-0.8,2.4,1.6,0.034,-3.4,-0.5,-3.9,-1.1,
Bruce Brown,26,DEN,80,2280,13.3,0.571,0.343,0.206,3.3,13,8.3,15.7,1.9,2,13.2,17.8,1.7,2.6,4.3,0.09,-1.1,0.6,-0.5,0.9,
Greg Brown III,21,POR,16,93,5.8,0.421,0.25,0.429,2.5,21.2,11.7,4.5,2.1,4.8,15.3,18.4,-0.3,0.1,-0.1,-0.074,-8.5,0,-8.5,-0.2,
Jaylen Brown,26,BOS,67,2405,19.1,0.581,0.352,0.249,3.6,17,10.4,16.5,1.5,0.9,11.4,31.4,1.6,3.4,5,0.1,1.5,-0.2,1.3,2,
Kendall Brown,19,IND,6,40,9.1,0.571,0.143,0.286,5.6,11.1,8.3,9.7,4.7,0,20.2,10.4,0,0.1,0.1,0.071,-7,4,-2.9,0,
Moses Brown,23,TOT,36,294,22.2,0.607,0,0.75,22,30.9,26.5,2.1,0.7,4.2,10.5,21.2,0.7,0.4,1.1,0.179,0.6,-1.2,-0.6,0.1,
Troy Brown Jr.,23,LAL,76,1860,9.6,0.561,0.604,0.084,3.7,13.7,8.9,6.6,1.5,0.7,9.2,12.1,1,2,2.9,0.075,-1.8,0.8,-1,0.5,
Jalen Brunson,26,NYK,68,2379,21.2,0.597,0.269,0.328,1.8,9.3,5.6,28.7,1.3,0.6,9.4,27.2,6.9,1.8,8.7,0.175,4.4,-0.5,3.9,3.5,
Thomas Bryant,25,TOT,59,1081,19.7,0.682,0.16,0.341,8.9,24.6,17,4.3,0.7,2.4,8.2,18.2,2.7,1.4,4.1,0.183,1.1,-0.5,0.6,0.7,
Reggie Bullock,31,DAL,78,2364,7.7,0.577,0.845,0.079,1.6,12.5,7,6.2,1.1,0.5,6.9,10,1.3,1.4,2.8,0.056,-2.3,-0.3,-2.6,-0.4,
Alec Burks,31,DET,51,1122,16.5,0.602,0.521,0.41,1.8,14.2,7.8,15.9,1.6,0.6,9.7,22.8,1.9,0.6,2.5,0.109,1.8,-0.5,1.2,0.9,
Jared Butler,22,OKC,6,77,13,0.578,0.438,0,1.4,4.3,2.8,15,3.1,0,13.5,20.1,0,0.1,0.1,0.061,-2.2,-0.4,-2.6,0,
Jimmy Butler,33,MIA,64,2138,27.6,0.647,0.116,0.625,7.5,13.3,10.3,27.1,2.7,1,8.2,25.6,9.4,2.9,12.3,0.277,6.7,2,8.7,5.8,
John Butler,20,POR,19,221,5.7,0.411,0.66,0.075,1.5,7.3,4.4,6.5,1.5,3.6,1.8,11,-0.1,0.1,0,0.001,-5.4,-0.8,-6.2,-0.2,
Jamal Cain,23,MIA,18,240,16.5,0.647,0.303,0.333,7.1,18.7,12.7,7.6,2.3,0.4,7.3,15.1,0.5,0.3,0.8,0.169,-0.5,1.3,0.8,0.2,
Kentavious Caldwell-Pope,29,DEN,76,2381,11.5,0.598,0.505,0.198,1.7,8.1,5,9.8,2.3,1.3,11.1,14.1,2,2.5,4.5,0.091,-1.6,0.6,-1,0.6,
Facundo Campazzo,31,DAL,8,52,7.8,0.36,0.846,0.154,0,4.5,2.2,22.6,5.7,0,17.8,14.7,-0.1,0.1,0,-0.012,-4.8,3.6,-1.2,0,
Vlatko ?an?ar,25,DEN,60,889,11,0.606,0.507,0.181,3.2,13.1,8.3,11.5,1.2,1.4,13.1,13.8,0.9,0.8,1.7,0.093,-1.7,-0.1,-1.8,0,
Clint Capela,28,ATL,65,1730,22.1,0.656,0.002,0.244,16.1,29.4,22.7,4.7,1.2,3.9,8.3,15.7,4.9,2.4,7.2,0.201,2.3,-0.1,2.2,1.8,
Vernon Carey Jr.,21,WAS,11,28,10.8,0.338,0,0.25,12.4,30.6,21.8,13.3,3.5,6,18.4,16.9,-0.1,0.1,0,0.014,-7.1,2.1,-5,0,
Jevon Carter,27,MIL,81,1810,10.9,0.56,0.596,0.067,2.1,9.3,5.8,14.5,1.7,1.3,11.8,15.3,1.2,2.3,3.5,0.092,-1.9,1.2,-0.6,0.6,
Wendell Carter Jr.,23,ORL,57,1690,17.3,0.621,0.367,0.318,8,25.3,16.6,12,0.9,1.9,13.2,20.5,2.6,2,4.6,0.13,0.9,0.1,1,1.3,
Alex Caruso,28,CHI,67,1575,11.5,0.588,0.528,0.255,3.1,10.9,7.1,15.4,3,2.8,19.5,11.1,1,2.6,3.6,0.109,-2.2,3.3,1.1,1.2,
Julian Champagnie,21,TOT,17,320,13.4,0.6,0.631,0.131,3.3,17.7,10.2,4.5,0.9,1.3,7.4,19.2,0.3,0.1,0.4,0.061,-0.6,-2.7,-3.3,-0.1,
Kennedy Chandler,20,MEM,36,281,10.6,0.44,0.181,0.157,3.4,10.9,7.2,26.4,2,1.6,16.9,15.8,-0.1,0.4,0.3,0.044,-3.3,0.6,-2.7,0,
Max Christie,19,LAL,41,512,7.4,0.566,0.585,0.151,1.5,13.8,7.8,5.1,0.8,1.2,10.3,10.4,0.1,0.5,0.6,0.058,-3.2,0,-3.1,-0.1,
Josh Christopher,21,HOU,64,786,11.5,0.523,0.271,0.182,2.8,7.2,5,14.3,2,1.9,14.4,21.9,-0.3,0.3,0,-0.001,-3,-1.4,-4.3,-0.5,
Brandon Clarke,26,MEM,56,1090,20,0.682,0.017,0.393,9,21.2,15.1,9.5,1.5,3.1,11.8,17.7,2.7,1.8,4.5,0.199,0.8,1.8,2.5,1.3,
Jordan Clarkson,30,UTA,61,1988,14.7,0.558,0.445,0.238,4,9.3,6.7,20.9,0.8,0.6,14,27.8,0.9,0.8,1.7,0.042,1,-2.4,-1.4,0.3,
Nic Claxton,23,BRK,76,2271,20.8,0.691,0.003,0.419,9.3,25.1,17.4,9.3,1.4,7.1,12.1,15.4,5.2,4,9.2,0.195,0.9,2.2,3.1,2.9,
Amir Coffey,25,LAC,50,625,7,0.498,0.276,0.434,3.1,6.4,4.7,11.2,0.5,0.7,10.8,13.5,0.1,0.3,0.4,0.033,-4.3,-0.7,-5,-0.5,
John Collins,25,ATL,71,2130,13.6,0.593,0.339,0.252,3.9,20,11.9,5.3,0.9,2.9,9.1,17.1,2.1,2.1,4.2,0.095,-1.4,0.2,-1.3,0.4,
Zach Collins,25,SAS,63,1441,16.4,0.599,0.268,0.259,8.5,22.5,15.2,18,1.2,2.8,17.4,21.2,1.2,1,2.2,0.074,-0.5,0.3,-0.2,0.6,
Mike Conley,35,TOT,67,2029,14.7,0.583,0.575,0.277,1.8,7.9,4.9,29.4,1.7,0.6,13.1,16.3,4.1,1.4,5.5,0.13,1,-0.1,0.9,1.5,
Pat Connaughton,30,MIL,61,1443,10,0.531,0.765,0.097,3.8,16.2,10.2,6.9,1.2,0.6,7,13.8,0.7,1.8,2.5,0.085,-1.3,0.3,-1,0.3,
Xavier Cooks,27,WAS,10,126,14.3,0.586,0.036,0.357,14.7,18.7,16.8,6.4,2.3,2.7,19.8,13.9,0.1,0.2,0.2,0.094,-3.2,-0.4,-3.6,-0.1,
Robert Covington,32,LAC,48,779,14.2,0.584,0.594,0.175,4.5,19.2,11.9,10.2,2.4,3.7,11.5,15.6,0.7,1.2,1.9,0.117,-0.5,2.1,1.7,0.7,
Torrey Craig,32,PHO,79,1948,11.6,0.566,0.506,0.09,8.1,16.3,12.1,7.9,1.3,2.9,12.3,13,1.5,2.5,4,0.098,-1.3,0.7,-0.6,0.7,
Jae Crowder,32,MIL,18,340,14.6,0.624,0.585,0.128,5.4,15.3,10.6,10.6,1.7,1.4,6.6,13.2,0.7,0.5,1.2,0.165,0.1,1.1,1.2,0.3,
Jarrett Culver,23,ATL,10,137,9.5,0.452,0.279,0.302,7.9,22.6,15.2,5.5,2.1,1.2,12.6,17.1,-0.1,0.2,0,0.014,-4.8,0.6,-4.2,-0.1,
Cade Cunningham,21,DET,12,400,14,0.492,0.272,0.192,3.2,17.7,10.3,30.7,1.2,1.5,13.8,30,-0.4,0.2,-0.1,-0.018,-0.1,-0.6,-0.7,0.1,
Seth Curry,32,BRK,61,1211,12.3,0.593,0.517,0.122,1.2,7.9,4.6,11.9,1.5,0.5,9.7,19.2,0.9,0.9,1.8,0.07,-1.2,-0.9,-2.1,0,
Stephen Curry,34,GSW,56,1941,24.1,0.656,0.564,0.248,2.3,16.8,9.7,30,1.3,0.9,12.5,31,5.8,2,7.8,0.192,7.5,0.1,7.5,4.7,
Dyson Daniels,19,NOP,59,1042,8.8,0.503,0.413,0.192,3.9,16.5,10.2,16.4,2,1,20.2,11.6,-0.1,1.4,1.3,0.061,-3.4,1.6,-1.8,0,
Anthony Davis,29,LAL,56,1904,27.8,0.627,0.077,0.462,11.3,27.6,19.7,13,1.5,5.1,9.5,28.4,5.5,3.4,9,0.226,4.6,1.7,6.3,4,
Johnny Davis,20,WAS,28,423,7.2,0.446,0.409,0.158,2.7,13.9,8.5,9.2,1.2,1.6,8.5,20.5,-0.6,0.3,-0.3,-0.033,-5.8,-1.7,-7.4,-0.6,
Terence Davis,25,SAC,64,841,12.9,0.563,0.668,0.118,2.7,16.1,9.4,11.1,2.4,1.2,12.2,22.2,0,0.9,0.9,0.054,-1.3,-0.3,-1.5,0.1,
JD Davison,20,BOS,12,66,10.1,0.478,0.368,0.105,3.4,11.4,7.4,22.4,1.5,2.6,16.8,15.8,0,0.1,0.1,0.059,-4.5,0.4,-4.2,0,
Dewayne Dedmon,33,TOT,38,426,15.5,0.577,0.258,0.325,9.1,28.3,18.5,9.5,1.1,4.4,12.7,20.6,0.3,0.7,1,0.115,-2.6,1,-1.6,0,
Matthew Dellavedova,32,SAC,32,213,6.7,0.443,0.54,0.14,0.5,6.4,3.5,23.4,1.6,0,15.9,12.7,0,0.1,0.1,0.021,-4.4,-0.8,-5.2,-0.2,
DeMar DeRozan,33,CHI,74,2682,20.6,0.592,0.109,0.401,1.5,12.8,7.2,22.3,1.5,1.3,9.1,27.8,5.4,3.2,8.5,0.153,1.7,0.3,2,2.6,
Moussa Diabat?,21,LAC,22,195,14.2,0.546,0.043,0.34,18,10.8,14.4,2.8,1.8,3.6,14.3,14.1,0.2,0.2,0.4,0.105,-1.9,-0.8,-2.8,0,
Mamadi Diakite,26,CLE,22,176,9,0.56,0.42,0.04,5.4,14.7,10,6.3,1.1,4.7,19.1,16,-0.1,0.3,0.2,0.051,-4.9,1.6,-3.4,-0.1,
Hamidou Diallo,24,DET,56,996,15.7,0.593,0.056,0.395,6.2,15.7,10.8,9.2,2.6,1.4,13.9,21.8,0.4,0.9,1.3,0.063,-1.8,0.4,-1.4,0.1,
Gorgui Dieng,33,SAS,31,358,9.9,0.493,0.641,0.111,7.9,25.4,16.3,19.4,0.5,3.2,20.7,17.9,-0.2,0.2,0,0.001,-4,0.1,-3.9,-0.2,
Ousmane Dieng,19,OKC,39,569,9.3,0.505,0.541,0.127,3.5,16.5,9.9,10.7,1.2,1.1,12,15.9,-0.1,0.6,0.4,0.038,-3.1,-0.5,-3.6,-0.2,
Spencer Dinwiddie,29,TOT,79,2725,16,0.573,0.467,0.314,1.2,10.2,5.7,28.1,1.2,0.8,10.8,22.1,4.5,1.8,6.3,0.111,1.6,-0.9,0.7,1.8,
Donte DiVincenzo,26,GSW,72,1894,12.8,0.593,0.7,0.131,4.7,14,9.4,17.3,2.4,0.5,16.4,15.1,1.9,2.3,4.2,0.106,-0.6,1.3,0.7,1.3,
Luka Don?i?,23,DAL,66,2391,28.7,0.609,0.373,0.479,2.6,25.4,13.8,42.3,1.9,1.2,11.9,37.6,7.3,2.9,10.2,0.204,7.6,1.4,8.9,6.6,
Luguentz Dort,23,OKC,74,2272,11.3,0.513,0.468,0.297,5.9,10.4,8.1,9.2,1.6,0.9,8.5,19.8,0.9,2.1,2.9,0.062,-2,-1,-3,-0.6,
Ayo Dosunmu,23,CHI,80,2098,10.2,0.567,0.332,0.144,2.5,9.3,5.9,13.2,1.4,1.2,14,14.9,0.7,2.2,2.9,0.067,-3,0.6,-2.5,-0.2,
Devon Dotson,23,WAS,6,53,4.8,0.15,0.4,0,13.1,8.1,10.5,17.6,4.6,0,23.1,10.7,-0.1,0.1,0,-0.025,-7,1.8,-5.3,0,
Jeff Dowtin,25,TOR,25,259,9.9,0.5,0.281,0.158,2.4,8,5,15.5,1.7,1.1,7.6,10.9,0.2,0.2,0.4,0.076,-2.8,0.9,-1.9,0,
PJ Dozier,26,SAC,16,79,5.2,0.333,0.485,0,1.5,18.7,10.1,16.3,3.6,1.1,13.2,20.6,-0.3,0.1,-0.2,-0.097,-8.6,0.7,-7.8,-0.1,
Goran Dragi?,36,TOT,58,870,10.3,0.514,0.433,0.134,2.1,8.2,5.2,24.3,0.7,0.4,15.1,21.1,-0.3,0.7,0.4,0.025,-2.1,-1.8,-3.9,-0.4,
Andre Drummond,29,CHI,67,849,20.8,0.606,0.011,0.456,18.7,40.2,29.6,5.7,2.6,3.1,18.6,21,0.8,2,2.8,0.159,-1.2,0.5,-0.8,0.3,
Chris Duarte,25,IND,46,897,8.6,0.496,0.523,0.216,2.4,11.9,7.1,9.7,1.3,0.9,10.1,19,-0.5,0.4,0,-0.003,-2.9,-1.6,-4.5,-0.6,
David Duke Jr.,23,BRK,23,228,8.3,0.497,0.154,0.218,5.5,8.7,7.1,13.1,2.1,0.4,17.4,20.1,-0.3,0.2,-0.1,-0.011,-6.3,-1,-7.3,-0.3,
Kris Dunn,28,UTA,22,568,19.1,0.606,0.167,0.245,1.7,17.1,9.5,32.3,2.1,1.5,12.8,20.2,1.3,0.6,1.9,0.162,0.7,1.7,2.4,0.6,
Kevin Durant,34,TOT,47,1672,25.9,0.677,0.267,0.387,1.2,19.5,10.5,24.5,1,3.4,13.4,30.7,4.7,2.1,6.8,0.194,6,1.2,7.1,3.9,
Jalen Duren,19,DET,67,1670,17.3,0.655,0.005,0.394,14.7,25.1,19.7,6.8,1.3,3.1,16.5,14.3,2.9,1.6,4.5,0.129,-0.4,-0.4,-0.8,0.5,
Tari Eason,21,HOU,82,1767,15.2,0.525,0.261,0.22,12,18.9,15.4,7.4,2.6,2.6,12.2,19.3,0.9,1.7,2.6,0.07,-1.3,-0.4,-1.7,0.1,
Anthony Edwards,21,MIN,79,2842,17.4,0.564,0.375,0.274,1.9,15.9,9,19.3,2.1,1.8,13,29.9,0.2,3.6,3.8,0.064,1,0,1,2.1,
Kessler Edwards,22,TOT,36,385,8.4,0.502,0.591,0.161,6.9,11.1,9,7.5,1.7,1.4,11.5,12.7,0.1,0.3,0.4,0.048,-3.2,-0.7,-3.9,-0.2,
Keon Ellis,23,SAC,16,71,14,0.629,0.75,0.438,6.5,6.4,6.4,10.5,3.4,1.2,5,12.1,0.2,0.1,0.2,0.162,-0.1,1.4,1.3,0.1,
Joel Embiid,28,PHI,66,2284,31.4,0.655,0.151,0.581,5.9,28.3,17.3,22.9,1.4,4.6,11.9,37,8.4,3.9,12.3,0.259,6.8,2.3,9.2,6.4,
Drew Eubanks,25,POR,78,1584,16.2,0.666,0.054,0.374,9.5,20.9,15.2,9.2,1.2,5.7,14.7,12.5,2.9,1.6,4.4,0.134,-0.9,0.9,0.1,0.8,
Bruno Fernando,24,TOT,39,405,16.6,0.571,0.036,0.446,14.5,22.8,18.6,10.8,0.7,8.1,15.7,16.3,0.5,0.4,0.9,0.109,-2.8,0.7,-2,0,
Dorian Finney-Smith,29,TOT,66,2009,9.2,0.523,0.675,0.118,6.5,11.5,9,6.7,1.4,1.6,10.5,13.2,0.6,1.6,2.1,0.051,-1.7,-0.3,-2,0,
Malachi Flynn,24,TOR,53,691,8.7,0.479,0.55,0.136,2.3,10.8,6.2,13.7,1.5,0.6,8.9,17.4,0,0.5,0.5,0.034,-3.3,-0.8,-4.1,-0.4,
Simone Fontecchio,27,UTA,52,766,8,0.495,0.612,0.141,4.4,7.7,6.1,7.5,0.9,0.9,10.5,20.2,-0.4,0.3,-0.1,-0.004,-3,-2.1,-5.2,-0.6,
Bryn Forbes,29,MIN,25,268,6.2,0.497,0.554,0.181,1.7,4.5,3.1,8.2,1.2,0.7,11.8,16.2,-0.2,0.2,0,0,-4.8,-1.5,-6.3,-0.3,
Trent Forrest,24,ATL,23,277,6.1,0.424,0.033,0.05,2,12.8,7.3,16.5,1.2,0.6,19.7,11.6,-0.2,0.2,-0.1,-0.011,-5.3,0.2,-5.1,-0.2,
Evan Fournier,30,NYK,27,459,6.9,0.471,0.687,0.127,1,10.8,5.9,10.6,1.7,0.6,11.2,18.4,-0.3,0.4,0.1,0.01,-4,0,-4,-0.2,
De'Aaron Fox,25,SAC,73,2435,21.8,0.599,0.276,0.331,1.9,12.4,7.2,29.6,1.6,0.8,10.6,30.1,5.5,1.8,7.4,0.146,3.4,-0.9,2.5,2.7,
Markelle Fultz,24,ORL,60,1778,16.6,0.564,0.128,0.211,4.4,10.5,7.4,29.8,2.4,1.4,15.8,21.3,1.7,2,3.7,0.1,-0.1,0.7,0.5,1.2,
Wenyen Gabriel,25,LAL,68,1024,14.4,0.626,0.138,0.323,12.6,17.2,15,4.8,1.2,2.9,13.4,14.1,1.5,1.3,2.8,0.132,-2.3,0.1,-2.2,-0.1,
Daniel Gafford,24,WAS,78,1604,19.7,0.739,0,0.473,11.7,18,15,7.5,1,5.2,15.1,15.2,4.2,1.9,6.1,0.184,0.4,0.6,1,1.2,
Darius Garland,23,CLE,69,2447,18.8,0.587,0.365,0.284,1.3,7.6,4.5,34.1,1.7,0.3,13.5,26.9,4.5,3,7.6,0.148,3.2,-0.7,2.4,2.7,
Usman Garuba,20,HOU,75,970,12.9,0.569,0.333,0.266,13.4,21.4,17.4,8.8,2.2,2.9,19.2,10.5,0.9,0.9,1.8,0.091,-2,0.6,-1.4,0.2,
Luka Garza,24,MIN,28,243,23,0.652,0.336,0.448,15.5,13.5,14.5,11.8,0.6,0.7,9.2,26.9,0.9,0.2,1.1,0.211,2.2,-2.6,-0.4,0.1,
Rudy Gay,36,UTA,56,816,9,0.475,0.453,0.171,4.4,17,10.8,9.4,1.1,1.9,10.7,17.7,-0.4,0.7,0.3,0.018,-3.6,-0.4,-4,-0.4,
Paul George,32,LAC,56,1939,19.6,0.588,0.424,0.293,2.6,17,9.9,24.2,2.1,0.9,13.4,29.5,2.3,2.3,4.6,0.114,2.4,0.3,2.8,2.3,
Taj Gibson,37,WAS,49,480,11.4,0.585,0.192,0.336,7.7,13.6,10.8,9.6,1.5,2.1,15.3,15.3,0.4,0.5,0.8,0.082,-3.6,0.5,-3.2,-0.1,
Josh Giddey,20,OKC,76,2367,17.1,0.533,0.209,0.13,6.6,20.9,13.6,29.9,1.1,1.2,15.1,24.6,1.3,2.7,4,0.081,1.5,-0.3,1.2,1.9,
Shai Gilgeous-Alexander,24,OKC,68,2416,27.2,0.626,0.122,0.535,2.6,12.2,7.3,25.7,2.2,2.5,10.1,32.8,8.4,3,11.4,0.226,5.7,1.5,7.3,5.6,
Anthony Gill,30,WAS,59,624,11.1,0.604,0.22,0.508,6.9,10.6,8.8,7.2,0.5,1.6,8.5,12.3,1,0.4,1.3,0.101,-2.4,-0.9,-3.3,-0.2,
Rudy Gobert,30,MIN,70,2148,18.9,0.675,0.005,0.623,12.2,29.8,21.2,5.6,1.2,3.9,14.9,16.3,4.3,3.5,7.8,0.174,0,0.7,0.7,1.4,
Jordan Goodwin,24,WAS,62,1106,14.8,0.531,0.334,0.195,6,14.3,10.3,20.8,2.6,2,12.9,17.3,0.9,1.3,2.2,0.097,-0.7,1.4,0.7,0.8,
Aaron Gordon,27,DEN,68,2055,19.5,0.617,0.227,0.413,9.4,15.4,12.5,14.2,1.3,2.2,9.8,21.1,4.6,2.2,6.8,0.158,2.4,-0.3,2.1,2.1,
Eric Gordon,34,TOT,69,1965,11.8,0.587,0.545,0.265,0.9,6.7,3.8,13.4,1.1,1.2,12.5,17.8,1.8,0.5,2.3,0.056,-0.5,-1.4,-1.9,0.1,
Devonte' Graham,27,TOT,73,1338,12.5,0.552,0.784,0.304,1.6,8.7,5.1,19.4,1.6,1.1,9.8,17.1,1.5,1,2.5,0.091,0.1,-0.2,-0.1,0.6,
Jerami Grant,28,POR,63,2246,16,0.606,0.393,0.375,2.7,11.9,7.2,10.3,1.1,2.1,9.8,22.8,3.1,1,4.1,0.087,1.2,-1.4,-0.2,1,
A.J. Green,23,MIL,35,345,11.5,0.607,0.84,0.032,1.9,11.3,6.8,8.7,0.8,0,6.6,16.6,0.5,0.3,0.8,0.111,-0.3,-0.6,-0.9,0.1,
Danny Green,35,TOT,11,138,10.8,0.617,0.755,0.02,2.5,9.1,5.8,6.1,2.2,2,16.8,18.9,0,0.2,0.2,0.059,-2.1,0.2,-1.9,0,
Draymond Green,32,GSW,73,2297,12.2,0.592,0.276,0.228,3.2,21.6,12.6,27.8,1.5,2.3,28.1,13.2,1.6,3.1,4.7,0.098,-1.8,2.6,0.8,1.6,
Jalen Green,20,HOU,76,2602,14.5,0.538,0.408,0.341,1.8,10.3,6,17.3,1.1,0.7,11.3,28.1,1.4,0.5,1.8,0.034,0.5,-2.6,-2.1,0,
JaMychal Green,32,GSW,57,797,15.5,0.65,0.44,0.266,10.1,18,14.1,8.9,1.5,2.5,15.6,17.5,1.2,1,2.2,0.133,-0.7,0.2,-0.5,0.3,
Javonte Green,29,CHI,32,480,14.5,0.646,0.324,0.417,6.5,14.2,10.4,6.4,2.4,4.2,13.5,13.6,0.6,0.8,1.4,0.142,-1.1,2.5,1.4,0.4,
Jeff Green,36,DEN,56,1091,11,0.576,0.317,0.357,4.1,10.9,7.6,8.3,0.8,1.4,10.8,17,0.8,0.8,1.7,0.074,-2.4,-1,-3.4,-0.4,
Josh Green,22,DAL,60,1539,11.2,0.645,0.442,0.246,4.1,9.7,6.9,9.7,1.4,0.3,14.5,14.6,1.7,0.9,2.6,0.082,-1.9,-0.6,-2.4,-0.2,
AJ Griffin,19,ATL,72,1401,12.6,0.577,0.486,0.088,2.9,9.2,6,7,1.4,0.7,7.1,17.9,1.3,0.9,2.2,0.075,-0.3,-0.5,-0.8,0.4,
Blake Griffin,33,BOS,41,569,13.1,0.59,0.508,0.246,9.2,20.4,14.9,14.2,1.2,1.4,13.2,12.7,1,0.8,1.8,0.153,-1.4,1.5,0.1,0.3,
Quentin Grimes,22,NYK,71,2121,11.7,0.619,0.676,0.163,2.5,9.4,5.9,9.7,1.1,1.2,9.7,14.4,3.2,1.6,4.8,0.108,-0.3,0.1,-0.1,1,
Rui Hachimura,24,TOT,63,1466,13.2,0.556,0.274,0.204,4.1,16.5,10.5,5.8,0.6,1.5,7.7,20.2,0.6,1.3,1.8,0.06,-1.3,-1,-2.2,-0.1,
Tyrese Haliburton,22,IND,56,1883,23.6,0.624,0.478,0.239,1.9,10.1,6,47.6,2.3,1.1,13.2,23.8,6.4,1.2,7.6,0.195,7,0.2,7.2,4.4,
Jordan Hall,21,SAS,9,83,5.5,0.438,0.536,0.321,3.8,12.3,7.9,17,0.6,0,18,19.4,-0.1,0,-0.1,-0.077,-4.7,-2.9,-7.6,-0.1,
R.J. Hampton,21,TOT,47,750,10.8,0.558,0.489,0.321,2.6,10.5,6.5,10.4,1.7,1.1,13.4,17.8,0.1,0.5,0.7,0.042,-2.3,-0.6,-2.9,-0.2,
Tim Hardaway Jr.,30,DAL,71,2152,12.1,0.554,0.649,0.195,1.1,12.6,6.8,9,1.1,0.5,6.1,20.6,1,1.3,2.3,0.051,-0.3,-1.5,-1.8,0.1,
James Harden,33,PHI,58,2135,21.6,0.607,0.496,0.429,2.3,17.1,9.8,43.3,1.6,1.4,16.3,25,5.8,2.6,8.4,0.188,5.1,0.3,5.4,4,
Jaden Hardy,20,DAL,48,708,14.6,0.571,0.468,0.237,1.8,13,7.3,14.9,1.2,0.9,11.1,26.4,0.2,0.5,0.7,0.048,-0.4,-1.9,-2.3,0,
Ron Harper Jr.,22,TOR,9,48,15.7,0.608,0.563,0.063,6.6,10.2,8.3,11.9,0,2,0,14.6,0.1,0,0.2,0.158,2.4,-1.2,1.2,0,
Montrezl Harrell,29,PHI,57,681,17.6,0.631,0.029,0.483,11.8,15.7,13.8,7.4,1.2,3.4,12.1,18.9,1.3,0.8,2.2,0.153,-0.9,-0.4,-1.3,0.1,
Gary Harris,28,ORL,48,1184,10.5,0.62,0.71,0.098,2,7.4,4.7,6.9,1.8,1,8,12.6,1.3,1.1,2.3,0.095,-1.4,0.7,-0.7,0.4,
Joe Harris,31,BRK,74,1527,10.6,0.621,0.757,0.064,1.7,10.1,6,9.1,1.1,0.7,8.3,14.3,1.5,1.1,2.6,0.083,-0.6,-0.6,-1.1,0.3,
Kevon Harris,25,ORL,34,457,9.2,0.564,0.402,0.383,6.9,10.4,8.7,4.7,1.8,1.1,14.4,13.7,0.2,0.4,0.6,0.065,-3.5,-0.1,-3.6,-0.2,
Tobias Harris,30,PHI,74,2436,14.8,0.602,0.383,0.153,3.3,17,10.3,11.4,1.4,1.5,9,18.2,3.1,2.8,5.9,0.116,0.6,0.1,0.7,1.7,
Josh Hart,27,TOT,76,2454,14.1,0.622,0.315,0.338,6.5,21,13.7,16.1,1.8,0.8,16.4,12.6,3.8,2.2,6,0.118,-0.2,1.1,0.9,1.8,
Isaiah Hartenstein,24,NYK,82,1626,14.2,0.567,0.113,0.217,14.1,22.2,18.1,8.3,1.6,3.7,15.6,11.2,2.2,2.4,4.6,0.136,-1.5,1.2,-0.3,0.7,
Udonis Haslem,42,MIA,7,71,6.2,0.433,0.31,0.172,6.4,12,9.1,0,0.7,2.9,3.1,20.1,-0.1,0.1,0,-0.009,-8.2,-3.9,-12.1,-0.2,
Sam Hauser,25,BOS,80,1290,12.7,0.634,0.846,0.043,3,14.1,8.6,7.6,1.1,1.4,6.9,14.7,1.8,1.6,3.4,0.128,0.6,0.4,1,1,
Jaxson Hayes,22,NOP,47,610,13.7,0.605,0.186,0.532,7.3,17.3,12.3,7.7,1.6,3,13.9,15.7,0.6,0.9,1.5,0.118,-2.2,1,-1.2,0.1,
Killian Hayes,21,DET,76,2154,10.2,0.455,0.351,0.137,1.4,10.2,5.7,32.3,2.3,1.1,16.7,20.5,-1.9,1.4,-0.5,-0.012,-3.3,-0.5,-3.8,-1,
Gordon Hayward,32,CHO,50,1577,13.5,0.563,0.275,0.274,2.2,12.6,7.3,19.3,1.3,0.7,13.2,20,0.8,1.1,2,0.059,-1.1,-0.3,-1.4,0.2,
Juancho Hernang?mez,27,TOR,42,614,7.6,0.504,0.588,0.14,4.6,19.1,11.3,5.2,1.3,0.9,11,9.4,0.1,0.6,0.7,0.053,-3.5,0.2,-3.3,-0.2,
Willy Hernang?mez,28,NOP,38,458,20.7,0.61,0.065,0.615,14.4,30.1,22.3,10.7,1.8,2.7,15.4,23.8,0.8,0.8,1.6,0.171,-0.2,0.5,0.3,0.3,
Tyler Herro,23,MIA,67,2337,15.3,0.566,0.484,0.164,1.3,17.3,9,19.9,1.1,0.7,11.7,25.6,1.1,2.4,3.5,0.072,1.5,-0.8,0.6,1.6,
Buddy Hield,30,IND,80,2482,15.4,0.614,0.652,0.124,3,14.9,8.9,13.3,1.8,0.9,11.3,20.8,2.7,1.6,4.4,0.085,2.5,-0.6,1.9,2.4,
Haywood Highsmith,26,MIA,54,969,8.5,0.517,0.505,0.13,6.7,16.4,11.4,6.2,1.9,1.8,16.5,12.5,-0.3,1.3,0.9,0.046,-3.7,0.7,-3.1,-0.3,
George Hill,36,TOT,46,834,10.6,0.61,0.572,0.331,2,8.6,5.4,16.7,1.5,0.6,15.2,11.3,1.1,0.8,1.9,0.107,-2.4,0.9,-1.5,0.1,
Aaron Holiday,26,ATL,63,845,9.4,0.528,0.4,0.145,3.2,6.4,4.8,13,2.1,1.2,13.3,13.4,0.3,0.6,0.9,0.053,-2.9,0.9,-2,0,
Jrue Holiday,32,MIL,67,2183,19.2,0.586,0.402,0.173,3.9,12,8.1,34.4,1.7,0.9,15.2,25,3.9,2.8,6.7,0.148,3,0.1,3.1,2.8,
Justin Holiday,33,TOT,46,706,6.6,0.494,0.701,0.039,0.8,8.1,4.4,7.5,1.3,2.3,9.6,14.1,-0.4,0.5,0.1,0.008,-3.7,-0.1,-3.9,-0.3,
Richaun Holmes,29,SAC,42,348,12.9,0.668,0.09,0.213,9.6,16.6,13.1,3.5,0.4,2.8,12.6,13.7,0.6,0.3,0.8,0.113,-2,-0.9,-2.9,-0.1,
Al Horford,36,BOS,63,1922,13.8,0.631,0.678,0.044,4.2,17.7,11.1,13.2,0.8,2.7,7,11.9,3.6,2.7,6.3,0.157,1.6,1.7,3.3,2.5,
Talen Horton-Tucker,22,UTA,65,1313,13.7,0.508,0.331,0.274,3.4,13.7,8.6,27.4,1.5,1.9,15.5,25.9,-0.3,1.1,0.8,0.029,-1.1,-0.5,-1.6,0.2,
Danuel House Jr.,29,PHI,56,807,9.4,0.6,0.558,0.305,1.3,12.2,6.9,7.5,0.9,1,10.4,13.8,0.6,0.7,1.3,0.075,-2.5,-0.5,-3,-0.2,
Caleb Houstan,20,ORL,51,812,6.2,0.508,0.747,0.099,4.7,9.1,6.9,4.9,0.7,0.8,8.7,11,0.1,0.5,0.7,0.039,-3.1,-0.9,-4,-0.4,
Kevin Huerter,24,SAC,75,2203,15.2,0.617,0.589,0.151,2.2,10.8,6.5,14.1,1.7,1,9.5,19.9,3.3,1.7,4.9,0.107,1.4,-0.3,1,1.7,
Jay Huff,24,WAS,7,95,22.3,0.796,0.48,0.64,7.3,16.9,12.3,14.7,1.5,3.6,13.5,16.9,0.4,0.1,0.5,0.261,2.8,1.2,4,0.1,
De'Andre Hunter,25,ATL,67,2126,11.5,0.563,0.348,0.252,2.3,12.4,7.3,6,0.8,0.7,8.2,19.7,1.4,1.2,2.5,0.057,-1.9,-1.4,-3.3,-0.7,
Bones Hyland,22,TOT,56,1085,14.9,0.535,0.552,0.179,2.1,11.8,7.1,23.4,1.8,1.2,11.7,28,0.3,1.1,1.4,0.062,0.4,-1.2,-0.8,0.3,
Serge Ibaka,33,MIL,16,185,9.8,0.553,0.333,0.241,8.8,15.7,12.4,2.9,0.5,3.1,15.6,16.1,0,0.2,0.2,0.058,-4.6,0,-4.5,-0.1,
Andre Iguodala,39,GSW,8,113,7.3,0.521,0.6,0.2,3,13.4,8.3,20.3,1.7,2.3,35.5,9.4,0,0.1,0.1,0.044,-4.3,1.7,-2.5,0,
Joe Ingles,35,MIL,46,1044,10.7,0.616,0.819,0.085,1.4,11.1,6.4,18.4,1.5,0.5,17.6,12.6,1.1,1.2,2.3,0.107,-1.6,0.8,-0.7,0.3,
Brandon Ingram,25,NOP,45,1538,19.2,0.582,0.196,0.326,1.7,16.4,9.1,28.1,1,1.2,13.4,30.8,1.8,1.7,3.5,0.108,2.2,-0.4,1.7,1.4,
Kyrie Irving,30,TOT,60,2241,22.4,0.613,0.412,0.227,3,12.3,7.7,25.4,1.4,1.7,8.8,28.9,5.4,2,7.4,0.159,4.8,-0.7,4.1,3.5,
Jonathan Isaac,25,ORL,11,124,20.3,0.483,0.283,0.17,13.7,26.5,20.1,7.3,5.5,3.1,6.6,21.1,0,0.3,0.3,0.13,1,3,4,0.2,
Jaden Ivey,20,DET,74,2304,12.1,0.528,0.356,0.362,3.4,10.7,6.9,26.2,1.3,0.7,17.2,25.4,-0.9,0.8,0,-0.001,-1.4,-1.9,-3.3,-0.7,
Isaiah Jackson,21,IND,63,1042,17.5,0.595,0.044,0.459,12.1,18,15,7,1.4,7.7,11.8,17.4,1.5,1.2,2.7,0.124,-1.7,0.9,-0.8,0.3,
Jaren Jackson Jr.,23,MEM,63,1787,21.6,0.613,0.343,0.372,6.4,18.8,12.6,5,1.7,9.6,10.1,24.7,2.8,3.8,6.6,0.177,0.7,2,2.8,2.2,
Justin Jackson,27,BOS,23,107,6.3,0.359,0.741,0.074,2.1,15.1,8.7,10.5,1.8,3.2,6.7,12.2,-0.1,0.2,0.1,0.025,-4.2,1.6,-2.6,0,
Quenton Jackson,24,WAS,9,135,12.2,0.542,0.286,0.524,1.7,4.8,3.3,15.1,1.4,0.6,7.2,17.9,0.1,0.1,0.2,0.078,-3.7,-1.5,-5.1,-0.1,
Reggie Jackson,32,TOT,68,1657,10,0.514,0.45,0.122,1.7,8,4.9,20,1.4,0.3,14.6,20.8,-0.6,1.2,0.6,0.018,-2.9,-1.1,-3.9,-0.8,
LeBron James,38,LAL,55,1954,23.9,0.583,0.309,0.268,3.7,20.8,12.5,33.5,1.2,1.4,11.6,33.3,3.2,2.4,5.6,0.138,5.5,0.6,6.1,4,
Ty Jerome,25,GSW,45,816,12.8,0.594,0.372,0.169,1,9.4,5.3,22.1,1.3,0.5,10.3,14.9,1.4,0.7,2.1,0.124,-1.1,0.3,-0.8,0.3,
Isaiah Joe,23,OKC,73,1395,14.5,0.626,0.776,0.197,2,11.6,6.7,8.7,1.6,0.5,6.6,17.7,2.5,1.3,3.8,0.131,1.3,-0.4,0.9,1,
Cameron Johnson,26,TOT,42,1199,17.1,0.617,0.538,0.253,3.2,14,8.6,9.6,2,1,6.6,20.6,2.1,1.4,3.5,0.142,2,0.6,2.6,1.4,
Jalen Johnson,21,ATL,70,1042,14.1,0.554,0.323,0.242,5.3,24.6,14.8,10.4,1.7,2.8,10.3,16,0.8,1.3,2.1,0.099,-1.2,1.5,0.3,0.6,
James Johnson,35,IND,18,162,8.4,0.486,0.306,0.163,2.7,17.8,10.3,12.6,2.1,3.2,13.2,15.7,-0.1,0.2,0.1,0.017,-5.7,1.2,-4.4,-0.1,
Keldon Johnson,23,SAS,63,2063,15.3,0.551,0.366,0.294,2.9,14.4,8.4,13.7,1.1,0.4,9.6,27.9,0.7,0.5,1.3,0.03,0.7,-2.5,-1.8,0.1,
Keon Johnson,20,POR,40,416,9,0.482,0.455,0.23,3,9.2,6.1,20.9,2.2,1.3,18,25,-0.7,0.2,-0.5,-0.057,-3.8,-1.6,-5.4,-0.4,
Stanley Johnson,26,SAS,30,469,13.5,0.625,0.328,0.32,4.9,17.7,11.1,19,1.6,1.1,19.2,15.2,0.5,0.3,0.7,0.076,-0.8,-0.2,-1,0.1,
Nikola Joki?,27,DEN,69,2323,31.5,0.701,0.146,0.406,8.5,31.3,20.2,46.6,1.8,1.8,17,27.2,11.2,3.8,14.9,0.308,8.5,4.5,13,8.8,
Carlik Jones,25,CHI,7,56,11.1,0.54,0.4,0.533,2.1,8,5.1,13.9,1.7,0,9.7,16.2,0,0.1,0.1,0.078,-2.8,0.4,-2.5,0,
Damian Jones,27,TOT,41,477,12.9,0.719,0.198,0.337,9.7,17.7,13.8,4.1,0.8,3.7,18.9,10.7,0.7,0.5,1.2,0.119,-2,0.3,-1.7,0,
Derrick Jones Jr.,25,CHI,64,893,13.8,0.597,0.348,0.365,7.7,11.6,9.7,5.1,1.6,4,8.6,14.5,1.2,1.2,2.4,0.131,-1.2,0.8,-0.4,0.3,
Herbert Jones,24,NOP,66,1951,12.1,0.567,0.333,0.321,5.6,10,7.8,11.1,2.6,2.1,13.3,14.5,1.5,2.7,4.2,0.104,-1.9,1.7,-0.3,0.8,
Kai Jones,22,CHO,46,550,10.8,0.597,0.158,0.217,7,17,11.9,3.7,1.5,4.7,19.1,12.4,0,0.7,0.7,0.062,-4.8,0.8,-4,-0.3,
Tre Jones,23,SAS,68,1984,16,0.534,0.213,0.231,3,10.8,6.7,31.5,2.1,0.4,11.8,19.3,2.6,0.8,3.4,0.082,-0.2,-0.8,-1,0.5,
Tyus Jones,26,MEM,80,1940,16,0.546,0.459,0.141,1.5,9.4,5.5,28.8,2,0.3,8.9,17.7,3.4,2.3,5.7,0.141,1.2,0.3,1.6,1.7,
DeAndre Jordan,34,DEN,39,586,14.7,0.731,0.009,0.417,10.5,28.6,19.8,7.7,1,3.5,26.1,13.7,0.5,0.9,1.4,0.112,-2.4,0.7,-1.8,0,
Cory Joseph,31,DET,62,1227,12.1,0.558,0.513,0.205,1.8,7.9,4.8,25.4,1.3,0.6,12.8,15.2,1.5,0.3,1.8,0.07,-0.7,-0.8,-1.5,0.2,
Nikola Jovi?,19,MIA,15,204,10.6,0.53,0.507,0.275,5,13.1,8.9,7.3,1.7,1,11.4,19,0,0.2,0.2,0.053,-3.4,0,-3.4,-0.1,
Johnny Juzang,21,UTA,18,232,6.5,0.411,0.606,0.038,3.8,14.3,9.1,4.7,0.8,1.1,2.8,19.6,-0.3,0.1,-0.2,-0.032,-4.3,-2.2,-6.5,-0.3,
Frank Kaminsky,29,TOT,36,235,15.3,0.635,0.524,0.254,3.2,21.2,12.1,17.8,1.2,1.6,11.4,14.1,0.5,0.2,0.7,0.141,1.2,1.7,2.8,0.3,
Luke Kennard,26,TOT,59,1315,13,0.684,0.704,0.102,1.2,11.8,6.6,9.4,1.2,0.3,10.3,14.5,2.2,1.2,3.4,0.124,0.6,-0.1,0.5,0.8,
Walker Kessler,21,UTA,74,1703,21.5,0.702,0.007,0.384,14.9,24.4,19.7,5.7,0.7,8.6,10.7,13.3,4.6,2.5,7.1,0.2,1.4,1.5,2.9,2.1,
Corey Kispert,23,WAS,74,2093,11.5,0.657,0.656,0.15,1.8,8.9,5.5,5.7,0.7,0.4,8.1,14.1,2.9,0.9,3.8,0.088,-0.1,-1.4,-1.5,0.2,
Maxi Kleber,31,DAL,37,930,8.7,0.592,0.663,0.225,3.7,13.3,8.4,7.5,0.6,2.9,12.7,10.3,0.7,0.6,1.3,0.067,-2.2,0,-2.2,0,
Nathan Knight,25,MIN,38,291,14.5,0.655,0.272,0.704,8.6,12.8,10.8,6.1,1.6,1.8,16.5,18.7,0.4,0.3,0.7,0.116,-2.4,-0.8,-3.2,-0.1,
Kevin Knox,23,TOT,63,952,11.1,0.579,0.56,0.181,3.9,17.3,10.5,5.2,1.2,1.1,12.2,18.4,0.2,0.5,0.7,0.034,-2.1,-1.4,-3.5,-0.4,
Christian Koloko,22,TOR,58,802,11.4,0.517,0.08,0.393,11.1,13.3,12.1,5,1.3,6.9,10.2,10.4,0.7,1,1.7,0.104,-4.3,0.8,-3.5,-0.3,
John Konchar,26,MEM,72,1494,10.8,0.542,0.553,0.113,4.5,17.4,11,8.2,2.4,1.5,9.9,10.4,1,2.5,3.5,0.111,-1.9,2.4,0.5,0.9,
Furkan Korkmaz,25,PHI,37,353,9.3,0.552,0.414,0.324,2,11.8,7,8.8,1.4,0.8,15.9,19.1,-0.2,0.3,0.1,0.019,-3.3,-1,-4.4,-0.2,
Luke Kornet,27,BOS,69,804,16.7,0.697,0.076,0.229,11.9,14.8,13.4,9.1,0.7,4.9,11.8,11.5,2.1,1.2,3.3,0.198,-0.4,1.3,1,0.6,
Vit Krejci,22,ATL,29,165,7.7,0.475,0.568,0.054,3.9,13.4,8.6,12.4,1.4,0.5,11.7,10.9,0,0.1,0.1,0.042,-4.2,0.6,-3.6,-0.1,
Jonathan Kuminga,20,GSW,67,1394,13.3,0.597,0.294,0.278,5.6,12.5,9.1,12.7,1.4,2,14.6,19.6,1,1.4,2.4,0.084,-1.7,-0.1,-1.7,0.1,
Kyle Kuzma,27,WAS,64,2239,14.3,0.544,0.421,0.208,2.8,19.5,11.5,16.5,0.8,1.1,13.2,27.9,-1,1.9,0.9,0.019,-0.2,-1.5,-1.7,0.2,
Anthony Lamb,25,GSW,62,1195,10.9,0.61,0.634,0.191,5.3,14.4,9.9,10.5,1.1,1.5,13.7,13.8,1.2,1.2,2.4,0.096,-1.6,0.4,-1.1,0.3,
Jock Landale,27,PHO,69,979,16.4,0.595,0.249,0.312,13.2,18.6,15.8,10.1,0.8,2.7,13.3,19.3,1.5,1.2,2.7,0.132,-0.7,-0.4,-1.1,0.2,
Romeo Langford,23,SAS,43,844,10.4,0.524,0.236,0.216,7.1,7.7,7.4,7.9,1.3,1.3,9.6,15.4,0.3,0.2,0.5,0.029,-2.6,-1.5,-4.2,-0.5,
Jake LaRavia,21,MEM,35,414,6.7,0.531,0.747,0.095,4.9,11.3,8.1,6.2,1.4,0.9,15.4,11.7,0,0.5,0.5,0.054,-3.9,0.4,-3.5,-0.2,
Zach LaVine,27,CHI,77,2768,19,0.607,0.392,0.308,1.7,12.2,7.1,18.7,1.2,0.6,11,28.3,4.2,2.9,7.1,0.123,2.7,-0.7,1.9,2.7,
A.J. Lawson,22,TOT,15,108,13.9,0.589,0.568,0.182,6.4,16.3,11.3,3,0.9,0,5.9,21.1,0.1,0.1,0.1,0.063,-1.5,-2.9,-4.4,-0.1,
Damion Lee,30,PHO,74,1506,10.7,0.607,0.546,0.23,2.8,14,8.3,8.9,1,0.4,13.5,16.3,1.1,1.4,2.6,0.081,-1.3,-0.4,-1.7,0.1,
Saben Lee,23,TOT,25,373,13.1,0.517,0.248,0.471,3.8,9.7,6.7,24.3,2.5,0.2,14.1,19.5,0.2,0.4,0.7,0.088,-2.7,0.9,-1.8,0,
Alex Len,29,SAC,26,161,12.8,0.58,0.067,0.533,17.2,25.4,21.3,9.3,1.2,6,30.2,14.1,0.1,0.2,0.3,0.085,-4.9,0.9,-4,-0.1,
Kawhi Leonard,31,LAC,52,1748,23.9,0.623,0.287,0.32,3.7,17.8,10.8,19.6,2,1.4,8.1,27,4.9,2.2,7.1,0.194,5.1,0.9,6.1,3.5,
Meyers Leonard,30,MIL,9,114,12,0.652,0.621,0.31,11.4,19.4,15.5,1.2,0.8,0,15.4,14.4,0.2,0.1,0.3,0.126,-2.8,-2.2,-5,-0.1,
Caris LeVert,28,CLE,74,2237,12.4,0.546,0.437,0.243,2.8,12.1,7.4,18,1.6,1,12.4,18.7,1.4,3.1,4.4,0.095,-1,0.8,-0.2,1,
Kira Lewis Jr.,21,NOP,25,235,14.5,0.584,0.386,0.25,2.4,13.5,8,14,2.1,0.8,9.3,19.7,0.3,0.3,0.6,0.122,-0.8,0.5,-0.3,0.1,
Damian Lillard,32,POR,58,2107,26.7,0.645,0.547,0.464,2.4,12.8,7.6,35,1.2,0.8,11.7,33.8,8.2,0.8,9,0.205,8.3,-1.2,7.1,4.9,
Nassir Little,22,POR,54,976,10.2,0.555,0.521,0.152,3.2,13.5,8.3,7.3,1,1.8,10,16,0.2,0.4,0.7,0.032,-1.6,-1.4,-3,-0.3,
Isaiah Livers,24,DET,52,1199,8.4,0.567,0.705,0.135,2.5,11,6.6,4.8,1.1,2.1,9,11.9,0.5,0.5,1,0.041,-2.1,-0.3,-2.4,-0.1,
Kenneth Lofton Jr.,20,MEM,24,176,20.2,0.572,0.183,0.29,11.5,19.2,15.4,18.1,1.3,1,10.3,27.6,0.3,0.2,0.5,0.145,0.7,-1.1,-0.4,0.1,
Kevon Looney,26,GSW,82,1958,17.8,0.639,0.003,0.404,15.7,26.8,21.4,13.8,1.3,2.2,9.1,10.6,5.9,2.8,8.7,0.212,0.9,1.3,2.1,2,
Brook Lopez,34,MIL,78,2373,18.4,0.63,0.405,0.211,7.2,15.3,11.4,6.1,0.7,6.7,9.8,19.3,4.1,3.9,8,0.161,0.8,1.3,2.1,2.5,
Robin Lopez,34,CLE,37,299,11.6,0.675,0.053,0.24,9.1,11,10,9.1,0.3,2.5,23.2,16.1,0.2,0.3,0.6,0.094,-3.4,0.3,-3,-0.1,
Kevin Love,34,TOT,62,1240,13.1,0.548,0.698,0.215,5.5,32.6,18.9,13.2,0.6,0.9,13.1,19.2,0.6,2,2.6,0.099,0.2,0.4,0.6,0.8,
Kyle Lowry,36,MIA,55,1718,12.6,0.565,0.639,0.278,2.8,12.9,7.7,23.4,1.7,1.2,15.9,16.7,1.5,1.9,3.4,0.096,-0.7,0.8,0.2,0.9,
Trey Lyles,27,SAC,74,1247,14.2,0.607,0.588,0.304,6.3,21.1,13.7,7,1,2.2,12.2,18.1,1.4,1.2,2.6,0.098,0,-0.9,-1,0.3,
Th?o Maledon,21,CHO,44,854,11.6,0.515,0.374,0.291,1.7,13.9,7.7,24.2,2.1,1.2,17.1,17,0,0.9,0.8,0.047,-3,0.5,-2.5,-0.1,
Sandro Mamukelashvili,23,TOT,43,660,13.4,0.516,0.43,0.248,11.2,19,15.1,12.8,1,1.5,12.1,18.2,0.4,0.5,0.9,0.063,-1.1,-1.3,-2.4,-0.1,
Terance Mann,26,LAC,81,1872,13.4,0.619,0.378,0.225,4.7,11.8,8.3,14,1.1,1,12.2,15.3,2.8,1.5,4.3,0.111,-0.3,0.1,-0.2,0.8,
Tre Mann,21,OKC,67,1183,10,0.492,0.513,0.11,2.4,11.8,7,14,1.6,0.9,10.6,20.7,-0.6,1.1,0.5,0.021,-3,-1,-3.9,-0.6,
Boban Marjanovi?,34,HOU,31,171,23.4,0.71,0.017,0.45,12.7,26,19.3,8.7,1.4,1.1,16.3,20.8,0.4,0.1,0.6,0.158,3,-1.5,1.6,0.2,
Lauri Markkanen,25,UTA,66,2273,22.1,0.64,0.446,0.348,6.3,20.7,13.6,8.6,0.9,1.4,8.8,26.6,6.3,1.9,8.2,0.173,4.9,-1,3.8,3.3,
Naji Marshall,25,NOP,77,1792,11.4,0.539,0.382,0.306,3,14.6,8.8,14.4,1.5,0.7,13,17.8,0.5,2,2.5,0.068,-1.9,0,-1.9,0.1,
Caleb Martin,27,MIA,71,2077,11.4,0.571,0.431,0.206,4.8,15,9.7,8.2,1.7,1.5,11.5,14.4,1.2,2.5,3.7,0.086,-1.8,0.5,-1.2,0.4,
Cody Martin,27,CHO,7,134,8.7,0.448,0.389,0.194,6.2,13,9.5,11,1.4,0.6,4.9,12.9,0,0.1,0.1,0.045,-3.8,-0.8,-4.6,-0.1,
Kenyon Martin Jr.,22,HOU,82,2292,15.4,0.635,0.3,0.308,6,15.8,10.8,8.1,0.9,1.3,10,16.4,4.2,0.7,4.9,0.103,0.6,-1.3,-0.7,0.7,
Tyrese Martin,23,ATL,16,66,7.7,0.44,0.304,0.087,8.2,11.7,10,3.9,0.7,0,7.7,16.5,0,0,0,-0.01,-4.2,-3.1,-7.4,-0.1,
Garrison Mathews,26,TOT,54,686,9.7,0.573,0.896,0.264,1.7,10,5.8,5.1,1.7,0.7,7.8,14.7,0.7,0.3,1,0.067,-2,-0.4,-2.4,-0.1,
Bennedict Mathurin,20,IND,78,2222,13.1,0.566,0.326,0.477,4.4,11.5,7.9,7.6,1,0.5,11.7,24.6,1,0.8,1.8,0.038,-1.2,-2.5,-3.7,-1,
Wesley Matthews,36,MIL,52,820,7,0.519,0.775,0.175,4.5,9.7,7.2,5.1,1.2,1.3,9.5,9.8,0.3,0.9,1.2,0.073,-3.4,0.8,-2.7,-0.1,
Tyrese Maxey,22,PHI,60,2016,17,0.605,0.404,0.233,1.4,8.8,5.2,16.9,1.2,0.4,7.4,24.1,3.7,1.6,5.4,0.128,1.9,-1.2,0.6,1.3,
Skylar Mays,25,POR,6,189,19.4,0.624,0.382,0.191,1.2,10.4,5.8,40,1.5,0.5,11.9,19.3,0.6,0.1,0.7,0.171,2.1,-2.1,0,0.1,
Miles McBride,22,NYK,64,760,8.4,0.475,0.623,0.195,1.9,5.4,3.6,12.4,2.4,1,9.7,14.6,0,0.7,0.7,0.047,-3.6,1.4,-2.3,-0.1,
CJ McCollum,31,NOP,75,2649,15.6,0.541,0.404,0.177,2.4,11.7,7,25.1,1.3,1.4,11.2,26.4,1.5,2.8,4.3,0.078,1.5,-0.7,0.8,1.9,
T.J. McConnell,30,IND,75,1526,16.8,0.59,0.113,0.131,3.3,13.7,8.5,37.9,2.5,0.6,20.6,19.1,1.9,1.2,3.1,0.098,0.4,0.1,0.5,1,
Jaden McDaniels,22,MIN,79,2416,12,0.611,0.376,0.201,4.3,9.8,7.1,8.4,1.5,2.7,12.6,15.8,2,2.4,4.4,0.087,-1.7,0.5,-1.2,0.5,
Jalen McDaniels,25,TOT,80,1913,11.8,0.557,0.376,0.224,3.6,16.3,9.9,9.6,2.1,1.6,12.1,17.2,0.5,2.2,2.7,0.068,-2.7,0.6,-2.1,-0.1,
Doug McDermott,31,SAS,64,1314,11.2,0.59,0.57,0.134,1.9,9.9,5.8,9.8,0.5,0.4,9.5,19.2,1,0,1,0.035,-0.7,-2.5,-3.2,-0.4,
JaVale McGee,35,DAL,42,355,17.2,0.65,0.04,0.328,9.7,25.5,17.5,5.2,0.6,6.5,20.1,22.8,0.1,0.5,0.6,0.076,-3.6,-0.1,-3.7,-0.1,
Bryce McGowens,20,CHO,46,787,7.2,0.519,0.396,0.396,2.7,10.1,6.3,9.1,0.9,0.7,15.3,15,-0.4,0.4,0.1,0.005,-4.6,-1.4,-6,-0.8,
Rodney McGruder,31,DET,32,524,10.7,0.566,0.638,0.145,4.1,11.8,7.8,7.6,1.5,0.2,6.4,14,0.5,0.2,0.7,0.068,-0.8,-0.7,-1.5,0.1,
Jordan McLaughlin,26,MIN,43,678,11.8,0.526,0.538,0.124,2.5,7.6,5.1,27.4,2.2,0.5,17.7,11.7,0.7,0.6,1.3,0.094,-1.3,0.6,-0.7,0.2,
De'Anthony Melton,24,PHI,77,2150,12.7,0.566,0.619,0.134,3.9,13.1,8.6,12.9,2.9,1.8,12.9,16.4,1.1,3.1,4.2,0.095,-0.7,1.6,0.9,1.6,
Chimezie Metu,25,SAC,66,689,17.3,0.639,0.174,0.333,7.8,24.9,16.4,8.1,1.5,2.7,11.3,17.6,1.2,0.8,2.1,0.143,-0.3,0.2,-0.1,0.3,
Khris Middleton,31,MIL,33,801,17.4,0.551,0.399,0.251,3.8,14,9.1,30.7,1.4,0.5,13.6,27.4,1,1,1.9,0.117,1,-0.3,0.8,0.6,
Patty Mills,34,BRK,40,567,10.6,0.554,0.641,0.144,1.6,7,4.4,13.9,1.3,0.5,11.9,19.7,0,0.4,0.4,0.035,-1.4,-1.7,-3.1,-0.2,
Shake Milton,26,PHI,76,1567,12.7,0.575,0.294,0.231,3,11.3,7.2,22.3,0.8,0.8,14.5,18.5,1.6,1.2,2.9,0.087,-1,-0.9,-2,0,
Josh Minott,20,MIN,15,96,17.9,0.582,0.167,0.222,5.9,22.9,14.6,7.5,2,5.4,7.1,18.9,0.1,0.2,0.3,0.146,-1.9,0.4,-1.6,0,
Davion Mitchell,24,SAC,80,1447,9.4,0.545,0.494,0.078,1.3,7,4.1,16.5,1.5,0.9,13.1,14.1,0.7,0.8,1.5,0.05,-2.4,-0.4,-2.8,-0.3,
Donovan Mitchell,26,CLE,68,2432,22.9,0.614,0.453,0.262,3.1,10.9,7,21.4,2,1,10.3,32.1,5.4,3.5,8.9,0.176,5.6,0.6,6.3,5,
Evan Mobley,21,CLE,79,2715,17.9,0.591,0.108,0.321,8.1,22.7,15.4,12.4,1.1,4,11.9,20.2,3.7,4.8,8.5,0.151,0,1.6,1.7,2.5,
Isaiah Mobley,23,CLE,12,84,14.1,0.521,0.286,0.143,5.6,22.4,14,5,2.4,3.3,3.3,16.4,0.1,0.2,0.2,0.135,-2.5,1.1,-1.4,0,
Malik Monk,24,SAC,77,1719,16.6,0.587,0.5,0.26,2.1,11.3,6.7,25,1.4,1,14.1,25.8,2.1,1.2,3.2,0.091,1.6,-1.4,0.3,1,
Moses Moody,20,GSW,63,817,10.3,0.603,0.595,0.233,3.8,10.2,7.1,8.2,1,0.8,12,14.6,0.7,0.6,1.3,0.076,-1.7,-0.9,-2.6,-0.1,
Wendell Moore Jr.,21,MIN,29,153,9.3,0.465,0.395,0.116,3,10,6.6,15.3,2.5,2.8,15,14.9,-0.1,0.2,0.1,0.028,-3.8,1.3,-2.4,0,
Ja Morant,23,MEM,61,1948,23.3,0.557,0.247,0.409,3.3,16.1,9.7,41.1,1.6,0.7,12.6,34.9,3.4,2.6,6,0.148,5.2,0.5,5.7,3.8,
Marcus Morris,33,LAC,65,1825,10.5,0.534,0.479,0.135,1.8,13.9,7.9,8.9,1.1,1,7.6,17.6,0.4,1.6,2,0.053,-1.8,-0.2,-1.9,0,
Markieff Morris,33,TOT,35,355,10.4,0.553,0.617,0.087,4.2,18.2,11.3,12.2,1.2,1.2,13.1,17.2,0.1,0.4,0.4,0.059,-2.3,-0.4,-2.7,-0.1,
Monte Morris,27,WAS,62,1695,15,0.579,0.396,0.15,1.8,11.6,6.9,26.4,1.2,0.6,9.9,15.6,3.1,1.1,4.2,0.12,0.8,-0.4,0.5,1.1,
Trey Murphy III,22,NOP,79,2448,15.2,0.65,0.621,0.238,2.7,10.3,6.5,6.4,1.8,1.7,6.5,16.6,4.8,2.8,7.6,0.15,1.4,0.4,1.8,2.3,
Dejounte Murray,26,ATL,74,2693,17,0.54,0.293,0.144,2.1,13.8,7.9,24,2,0.6,10.2,24.4,2.4,2.3,4.7,0.084,1.1,0,1,2.1,
Jamal Murray,25,DEN,65,2133,18,0.571,0.415,0.207,2.7,11,6.9,27.5,1.5,0.7,11.3,26.1,3.3,1.9,5.1,0.116,2.6,-1.3,1.3,1.8,
Keegan Murray,22,SAC,80,2382,12.3,0.597,0.641,0.104,4.3,13.4,8.9,5.5,1.2,1.5,6.8,15.8,2.6,1.7,4.3,0.087,0.4,-1,-0.6,0.8,
Mike Muscala,31,TOT,63,945,13,0.608,0.709,0.178,4.2,19.1,11.6,7.1,0.8,2.3,6.8,15.1,1.4,1.1,2.5,0.128,-0.3,-0.1,-0.4,0.4,
Svi Mykhailiuk,25,TOT,32,468,14,0.584,0.572,0.225,3.4,8.9,6.1,16.5,1.5,0.7,11.2,19.3,0.5,0.3,0.8,0.081,0.5,-0.7,-0.1,0.2,
Larry Nance Jr.,30,NOP,65,1381,16,0.649,0.138,0.259,8.7,20.3,14.5,11.7,2,2.6,11,11.9,2.8,2.1,4.9,0.171,0,2,2,1.4,
Andrew Nembhard,23,IND,75,2073,10,0.528,0.408,0.096,1.9,8.8,5.3,22.4,1.6,0.5,15.8,16.1,0.4,0.8,1.2,0.029,-2.4,-0.8,-3.2,-0.6,
Aaron Nesmith,23,IND,73,1816,10.5,0.566,0.532,0.241,3.8,13.1,8.5,7.4,1.4,1.6,10.3,16.8,0.9,1.1,2,0.052,-2.3,-0.7,-3,-0.4,
Raul Neto,30,CLE,48,505,12.6,0.628,0.382,0.309,2.3,8.4,5.4,21,1.7,0.7,16.1,13.2,0.8,0.6,1.5,0.142,-1.7,1.5,-0.2,0.2,
Georges Niang,29,PHI,78,1512,10.9,0.61,0.765,0.09,1.5,12.8,7.2,7.3,1,0.9,9.4,17,1.1,1.4,2.5,0.078,-0.4,-1,-1.4,0.2,
Daishen Nix,20,HOU,57,914,5.3,0.447,0.591,0.152,2.1,9.7,5.9,19.2,1.6,0.7,25.4,15.4,-1.5,0.3,-1.2,-0.062,-5,-1.5,-6.5,-1,
Zeke Nnaji,22,DEN,53,728,12.5,0.62,0.332,0.316,10.5,11.2,10.9,3.3,1.1,2.8,12.2,15.2,0.9,0.7,1.6,0.106,-2.7,-0.9,-3.7,-0.3,
Nerlens Noel,28,TOT,17,195,7.9,0.424,0.056,0.333,5.6,21,13.1,6.7,4,4.5,23.9,12,-0.3,0.3,0,0.007,-6.5,2.6,-3.8,-0.1,
Jaylen Nowell,23,MIN,65,1252,13.7,0.527,0.371,0.158,3.3,11.7,7.6,15.9,1.6,0.3,8.9,25,0,1.2,1.2,0.046,-1.5,-1,-2.5,-0.2,
Frank Ntilikina,24,DAL,47,607,5.2,0.461,0.508,0.25,1.3,10.7,5.9,12.8,1.3,1,16.5,13.1,-0.5,0.4,-0.1,-0.01,-6.1,-0.7,-6.7,-0.7,
Kendrick Nunn,27,TOT,70,964,11.1,0.53,0.496,0.091,1.8,10.3,6.2,13.8,1.4,0.6,12.4,23.7,-0.6,0.8,0.2,0.008,-2,-1.5,-3.5,-0.4,
Jusuf Nurki?,28,POR,52,1391,17.3,0.589,0.236,0.38,9.3,29.7,19.5,16.4,1.5,2.8,16.8,22.1,1.2,1.5,2.7,0.092,-0.6,0.7,0.1,0.7,
Jordan Nwora,24,TOT,62,1188,12.2,0.561,0.474,0.193,4.7,15.8,10.4,10.5,1,1,12,19.4,0.5,1,1.5,0.06,-0.8,-1.3,-2.1,0,
Royce O'Neale,29,BRK,76,2409,9.2,0.538,0.707,0.116,2.6,15,9,15.3,1.3,1.7,15.5,13.6,0.4,2.5,2.9,0.057,-1.7,0.6,-1.1,0.5,
Chuma Okeke,24,ORL,27,518,9.1,0.488,0.705,0.172,5.7,15.3,10.5,9.4,1.8,2.1,11.5,12.3,0,0.6,0.7,0.061,-2.4,0.8,-1.6,0.1,
Josh Okogie,24,PHO,72,1350,13.3,0.531,0.476,0.464,8.8,11.9,10.3,10.3,2,2.3,11.2,17.7,1.1,1.7,2.8,0.101,-0.8,0.5,-0.2,0.6,
Onyeka Okongwu,22,ATL,80,1849,19.4,0.678,0.026,0.394,12.7,21.5,17,5.8,1.4,4.9,12.2,15.1,4.7,2.4,7.1,0.185,0,0.8,0.8,1.3,
Isaac Okoro,22,CLE,76,1652,10.7,0.614,0.483,0.291,3.7,9.6,6.7,7,1.7,1.7,9.5,11.9,1.9,2.3,4.2,0.122,-1.9,1.6,-0.3,0.7,
KZ Okpala,23,SAC,35,248,6.2,0.554,0.553,0.211,3.2,12.4,7.8,6.3,1.4,2.5,14.4,8.4,0.1,0.2,0.3,0.057,-4.3,1.1,-3.2,-0.1,
Victor Oladipo,30,MIA,42,1106,10.6,0.513,0.526,0.196,1.6,12.3,6.8,19.8,2.6,1.1,16.6,21.1,-0.9,1.5,0.6,0.024,-2.9,0.8,-2.1,0,
Kelly Olynyk,31,UTA,68,1942,14.4,0.643,0.424,0.417,4.6,18.6,11.7,17.6,1.5,1.6,20.3,17.8,2.4,1.9,4.3,0.106,-0.4,0.9,0.4,1.2,
Eugene Omoruyi,25,TOT,40,645,10.9,0.533,0.39,0.329,7.1,11.8,9.4,6.3,2.1,0.4,11.5,19.3,0.1,0.5,0.6,0.042,-3.5,-0.9,-4.4,-0.4,
Cedi Osman,27,CLE,77,1548,12,0.579,0.589,0.204,1.9,11.5,6.7,10.6,1.1,0.7,8.3,18.2,1.4,1.9,3.3,0.103,-0.8,0.2,-0.7,0.5,
Kelly Oubre Jr.,27,CHO,48,1548,14.8,0.534,0.414,0.254,4.4,12.9,8.6,5.6,2.1,1,6.6,26.5,0.1,1.5,1.7,0.051,-0.4,-0.7,-1.1,0.3,
Chris Paul,37,PHO,59,1889,17.7,0.555,0.391,0.24,1.6,13.4,7.4,38.7,2.4,1,13.4,19.2,3.7,2.5,6.2,0.156,2,1.2,3.2,2.5,
Cameron Payne,28,PHO,48,968,13.2,0.512,0.408,0.141,1.3,11,6.1,32.6,1.7,0.7,14.4,24.8,0,1,1.1,0.053,-0.5,-0.7,-1.2,0.2,
Gary Payton II,30,TOT,22,367,13.3,0.701,0.377,0.101,7.4,13.9,10.6,11,2.9,1.2,18.2,10.3,0.6,0.4,1,0.125,-1.2,1.5,0.3,0.2,
Theo Pinson,27,DAL,40,323,10.1,0.512,0.713,0.149,3.6,19.3,11.4,19.6,0.9,0.3,11.5,14.7,0.2,0.2,0.5,0.071,-2.5,-0.9,-3.4,-0.1,
Scotty Pippen Jr.,22,LAL,6,32,9.6,0.439,0.25,0.75,6.9,6.5,6.7,8.2,3,2.6,11.1,23.7,-0.1,0,0,-0.017,-5.1,-0.8,-5.9,0,
Mason Plumlee,32,TOT,79,2054,19.6,0.689,0,0.647,11.8,25.1,18.4,17.3,1.1,2,15.8,15.2,5.5,2.4,7.9,0.185,1.2,1,2.2,2.2,
Jakob Poeltl,27,TOT,72,1906,21,0.635,0.002,0.325,13,25.5,19,15.2,1.7,4,15,18.2,3.7,2.2,6,0.15,1.1,0.8,1.9,1.9,
Aleksej Pokusevski,21,OKC,34,701,13.4,0.522,0.418,0.141,6.8,17.8,12.2,12.4,1.4,5.7,14,18.3,0,1,1,0.066,-1,1,0,0.3,
Jordan Poole,23,GSW,82,2458,14.6,0.573,0.498,0.325,1.5,8.5,5,22.5,1.2,0.8,14.7,29.2,1.4,1.9,3.2,0.063,-0.1,-1.8,-1.9,0.1,
Kevin Porter Jr.,22,HOU,59,2024,16.2,0.565,0.436,0.299,4.1,13.1,8.5,25.7,2,0.8,15.8,24.3,1.9,1,2.9,0.068,1.4,-0.8,0.6,1.3,
Michael Porter Jr.,24,DEN,62,1798,16.8,0.621,0.556,0.147,4.2,17.2,10.9,5.3,1,1.4,7.3,22.7,2.6,1.8,4.3,0.116,2,-1.8,0.2,1,
Otto Porter Jr.,29,TOR,8,146,14,0.656,0.567,0.267,4.3,10.9,7.4,7.2,3.7,0,10.7,11,0.2,0.2,0.4,0.142,-1.3,2,0.7,0.1,
Bobby Portis,27,MIL,70,1818,17.8,0.575,0.32,0.156,9.2,28.6,19.3,8.7,0.8,0.7,8.6,21.7,2.5,2.8,5.3,0.139,1.2,-0.6,0.7,1.2,
Kristaps Porzi??is,27,WAS,65,2120,23.1,0.627,0.35,0.409,6.2,21.8,14.3,12.9,1.3,4,10.2,27.4,5,2.7,7.7,0.174,3.8,0.5,4.3,3.4,
Micah Potter,24,UTA,7,52,18.6,0.8,0.467,0,6.3,26.7,16.6,11.2,0.9,0,11.8,13.7,0.2,0,0.2,0.186,2.4,1.2,3.5,0.1,
Dwight Powell,31,DAL,76,1458,15.5,0.738,0.019,0.625,11.8,13.3,12.5,6.9,1.6,1.6,15.9,12.6,3.8,1.3,5.1,0.168,-1.2,0,-1.2,0.3,
Norman Powell,29,LAC,60,1567,17.1,0.612,0.404,0.39,1.7,10.7,6.3,11,1.6,1,10.8,26,2.1,1.4,3.5,0.107,0.9,-0.7,0.3,0.9,
Jason Preston,23,LAC,14,124,10.3,0.489,0.439,0.049,1.8,17.9,9.9,30.9,0.8,0,19.3,18.3,0,0.1,0.1,0.021,-2.1,-0.5,-2.6,0,
Taurean Prince,28,MIN,54,1192,10,0.597,0.512,0.203,1.4,10.8,6.2,9.6,1.1,1.1,14.3,17.3,0.3,1,1.3,0.052,-2.6,-0.6,-3.3,-0.4,
Payton Pritchard,25,BOS,48,643,10.3,0.536,0.629,0.065,4.3,10.5,7.5,14,1.1,0.1,13.7,19.8,-0.1,0.7,0.6,0.045,-2.1,-1.2,-3.4,-0.2,
Trevelin Queen,25,IND,7,70,6,0.337,0.517,0.172,12.7,14.2,13.5,11.1,1.4,6.1,18.3,22.9,-0.3,0.1,-0.2,-0.133,-5.6,-1.5,-7.2,-0.1,
Immanuel Quickley,23,NYK,81,2344,16.3,0.578,0.485,0.265,2.7,13.1,7.9,17.4,1.7,0.6,8.7,20.9,4.4,2.3,6.7,0.137,1.3,0.4,1.7,2.1,
Julius Randle,28,NYK,77,2737,20.3,0.581,0.444,0.371,5.6,25.2,15.4,18.5,0.9,0.7,11.5,29.5,5,3.1,8.1,0.142,3.9,-0.2,3.7,3.9,
Austin Reaves,24,LAL,64,1843,14.9,0.687,0.441,0.541,2,9,5.6,15.7,0.8,0.9,14,16.2,4.1,1.4,5.4,0.142,0.6,0.1,0.7,1.2,
Cam Reddish,23,TOT,40,990,10.6,0.561,0.462,0.24,2,8.1,5,8.1,1.9,1.3,12,17.1,0.3,0.7,0.9,0.046,-2.6,-0.8,-3.4,-0.4,
Davon Reed,27,TOT,43,342,6.2,0.471,0.548,0.286,3.4,16,9.9,8.2,2.1,1,17.5,14.5,-0.4,0.4,0.1,0.008,-5.4,0,-5.3,-0.3,
Paul Reed,23,PHI,69,755,19.2,0.62,0.029,0.244,17.8,23.1,20.5,5.3,3,6.3,16.3,16.4,1.2,1.6,2.8,0.18,-1.6,1.5,-0.1,0.4,
Naz Reid,23,MIN,68,1251,18.5,0.617,0.376,0.22,6.6,22.8,14.9,9.6,1.6,3.7,12.7,24.8,1.1,1.9,3,0.114,0.3,0.8,1,1,
Jared Rhoden,23,DET,14,198,6.5,0.482,0.455,0.136,6,15,10.4,2.8,1,0.4,6,10.7,0,0.1,0.1,0.027,-5,-1.1,-6.1,-0.2,
Nick Richards,25,CHO,65,1217,18.3,0.676,0.003,0.585,12.6,24,18.2,4.5,0.4,5.1,13,15.6,2.7,1.5,4.2,0.165,-1,-0.2,-1.3,0.2,
Josh Richardson,29,TOT,65,1530,12.3,0.555,0.529,0.146,2.9,9.9,6.3,15.8,2.2,1.2,12.7,18.4,0.6,1.1,1.8,0.055,-1,-0.1,-1.2,0.3,
Austin Rivers,30,MIN,52,1016,7.4,0.564,0.589,0.187,0.6,8.4,4.6,9.3,1.3,0.3,9.2,10.5,0.5,0.8,1.3,0.061,-3.3,0.5,-2.8,-0.2,
Duncan Robinson,28,MIA,42,691,7.8,0.534,0.81,0.135,1.3,10.7,5.9,9.7,1,0,10,17.9,-0.1,0.6,0.5,0.035,-3.5,-1.5,-5,-0.5,
Mitchell Robinson,24,NYK,59,1591,18.9,0.652,0,0.436,18.4,20,19.2,4.5,1.7,6.5,10.9,10.1,4,2.6,6.5,0.197,1,1.4,2.4,1.7,
Orlando Robinson,22,MIA,31,425,13.4,0.565,0.067,0.348,12.8,22.3,17.4,8.4,1.4,2.9,13.5,12.4,0.5,0.6,1.1,0.129,-2.7,0.7,-2.1,0,
Jeremiah Robinson-Earl,22,OKC,43,814,13,0.548,0.448,0.169,9.2,14.7,11.9,7,1.4,1.2,6.7,14.6,1.1,0.8,1.9,0.111,-0.8,-0.7,-1.5,0.1,
Isaiah Roby,24,SAS,42,474,9.3,0.497,0.387,0.265,4.7,20.6,12.3,10.7,1.8,1.2,15.2,17.8,-0.4,0.3,-0.1,-0.011,-4,-0.6,-4.6,-0.3,
David Roddy,21,MEM,70,1258,8.8,0.519,0.505,0.155,4.2,12,8.1,6.1,1.1,1.4,11.3,16.7,-0.3,1.4,1.1,0.043,-3.2,-0.7,-3.9,-0.6,
Ryan Rollins,20,GSW,12,62,-1.4,0.508,0.45,0.3,5.4,15.7,10.6,12.4,0.8,1.4,41.4,26.1,-0.3,0.1,-0.3,-0.218,-11.3,-3.7,-15,-0.2,
Derrick Rose,34,NYK,27,338,10.1,0.463,0.396,0.075,2.6,10.4,6.5,19.9,1,1.4,11.8,23.6,-0.3,0.3,0,-0.001,-2.2,-1.5,-3.7,-0.1,
Terrence Ross,31,TOT,63,1330,10.2,0.544,0.555,0.073,1.8,11.2,6.5,10.2,1.3,0.7,8.2,16.8,0.5,1.2,1.6,0.059,-1.8,-0.3,-2.1,0,
Terry Rozier,28,CHO,63,2221,14.7,0.517,0.425,0.185,2.4,10.2,6.2,22.7,1.6,0.6,9.4,26.9,0.1,1.6,1.7,0.037,0.6,-1.1,-0.6,0.8,
Ricky Rubio,32,CLE,33,566,10.4,0.442,0.461,0.197,1.9,12.7,7.3,27.1,2.3,1,13.8,17.7,-0.2,0.9,0.7,0.062,-3.8,1.1,-2.8,-0.1,
D'Angelo Russell,26,TOT,71,2304,16.3,0.605,0.517,0.228,1.7,8.5,5.2,27.4,1.4,1.1,15.1,22.7,3.1,1.9,5.1,0.106,2.1,-0.7,1.5,2,
Matt Ryan,25,TOT,34,310,8.1,0.538,0.778,0.111,1.4,7.6,4.6,6.9,0.8,0.3,5.8,16.5,0.1,0.2,0.3,0.044,-1.9,-1.5,-3.4,-0.1,
Domantas Sabonis,26,SAC,79,2736,23.5,0.668,0.088,0.467,10.6,30,20.3,30.4,1.1,1.2,16.9,21.3,9.6,3,12.6,0.221,4.1,1.8,5.8,5.4,
Luka ?amani?,23,UTA,7,161,11,0.55,0.544,0.228,0,19.9,10.1,13,1.8,1.1,13.8,18.9,0,0.2,0.2,0.045,-3.2,1.1,-2.1,0,
Dario ?ari?,28,TOT,57,806,13.5,0.583,0.415,0.274,7.1,21.4,14.1,12.7,1.2,0.8,15.1,19.2,0.7,1,1.7,0.099,-1.5,0.1,-1.4,0.1,
Olivier Sarr,23,OKC,9,114,11.5,0.544,0.267,0.233,11.1,18.2,14.6,4.6,0.4,4.1,10.8,13.6,0.1,0.1,0.2,0.094,-4.2,-0.7,-4.9,-0.1,
Admiral Schofield,25,ORL,37,451,10.1,0.587,0.607,0.189,5.8,9.8,7.8,9.6,0.9,1.1,10.8,14.1,0.5,0.3,0.8,0.089,-2.2,-0.7,-2.9,-0.1,
Dennis Schr?der,29,LAL,66,1986,11.5,0.545,0.346,0.388,1.2,7.5,4.4,20.1,1.2,0.4,12.8,18.6,1.3,1.5,2.8,0.068,-2.4,-0.5,-2.9,-0.4,
Alperen ?eng?n,20,HOU,75,2171,19.7,0.599,0.071,0.36,12.1,22.3,17.1,21,1.6,3.2,17.3,21.4,3.4,1.8,5.2,0.115,1.1,0.4,1.4,1.9,
Collin Sexton,24,UTA,48,1145,15.9,0.616,0.261,0.425,3.5,6.3,5,17.9,1.1,0.4,13.3,23.4,2,0.5,2.5,0.105,0.1,-1.5,-1.3,0.2,
Landry Shamet,25,PHO,40,807,10.9,0.537,0.663,0.17,1.5,7.9,4.6,15.7,1.6,0.6,10,18.9,0.5,0.7,1.2,0.071,-1.1,-0.3,-1.4,0.1,
Day'Ron Sharpe,21,BRK,48,552,17.8,0.581,0.064,0.322,20.6,20.1,20.4,9.7,1.3,5,17.7,19,0.8,0.8,1.6,0.139,-1.8,-0.6,-2.3,0,
Shaedon Sharpe,19,POR,80,1779,11.5,0.568,0.437,0.162,4,11.3,7.6,7.9,1,1.2,10.7,19,0.6,0.6,1.2,0.032,-1.3,-2,-3.3,-0.6,
Pascal Siakam,28,TOR,71,2652,20.3,0.565,0.219,0.361,5.2,19.6,11.9,24.9,1.2,1.3,10,27.2,5.2,2.6,7.8,0.141,3.3,-0.1,3.1,3.4,
Ben Simmons,26,BRK,42,1105,13.4,0.559,0.009,0.243,4.2,22.2,13.4,31.3,2.4,1.9,27.2,14.3,0.5,1.7,2.2,0.097,-2.2,2.6,0.4,0.7,
Marko Simonovic,23,CHI,7,20,-0.1,0.381,0.571,0.286,5.8,5.6,5.7,0,0,0,0,17.4,0,0,0,-0.052,-10.5,-3.8,-14.4,-0.1,
Anfernee Simons,23,POR,62,2171,14.8,0.581,0.538,0.171,0.9,7.6,4.3,18.6,0.9,0.6,10.2,25.1,2.1,0.3,2.5,0.054,1.3,-2.5,-1.1,0.5,
Jericho Sims,24,NYK,52,812,13.8,0.78,0.009,0.15,13.3,19.4,16.4,4,0.9,3.2,19.1,7.4,1.6,0.9,2.6,0.153,-1,0.5,-0.5,0.3,
Marcus Smart,28,BOS,61,1957,12.1,0.538,0.568,0.196,2.6,8,5.3,26.4,2.3,1,17.9,17.8,1,2.7,3.7,0.092,-1.8,0.8,-1,0.5,
Dennis Smith Jr.,25,CHO,54,1390,11.6,0.475,0.246,0.235,2,11,6.4,26.1,2.6,1.6,14.1,17.6,-0.4,1.5,1.1,0.039,-3.5,1.2,-2.2,-0.1,
Dru Smith,25,TOT,15,158,11.4,0.475,0.422,0.067,1.4,15.9,8.7,19.3,3.1,2.5,6.1,13.8,0.1,0.3,0.3,0.099,-3.8,2.9,-0.9,0,
Ish Smith,34,DEN,43,398,6.5,0.407,0.092,0.031,1.5,13.8,7.8,32.5,1,1.6,24.9,19.3,-0.8,0.4,-0.5,-0.056,-5.5,-1.1,-6.6,-0.5,
Jabari Smith Jr.,19,HOU,79,2451,11.2,0.514,0.438,0.231,5.4,20.3,12.7,5.9,0.9,3,9.6,18.4,0.5,1.4,1.9,0.037,-2.3,-1.3,-3.7,-1.1,
Jalen Smith,22,IND,68,1279,15.9,0.565,0.376,0.27,11.2,22.9,17.1,7.6,0.8,4,11.2,21,1.1,1.1,2.3,0.085,-0.9,-1.1,-2.1,0,
Jeremy Sochan,19,SAS,56,1458,11.4,0.509,0.243,0.21,6.9,15.6,11,13.6,1.4,1.3,13.9,19.8,-0.5,0.7,0.2,0.005,-2.8,-1.2,-4,-0.7,
Jaden Springer,20,PHI,16,89,17.2,0.545,0.143,0.229,8.1,10.4,9.3,13.8,3.9,3.1,7.2,20.8,0.1,0.2,0.3,0.145,-2.6,2.9,0.3,0.1,
Lamar Stevens,25,CLE,62,1120,9.5,0.524,0.33,0.198,5,16.7,10.9,4,1.2,1.6,7.9,13.6,0.3,1.6,1.9,0.08,-3,0.2,-2.8,-0.2,
Isaiah Stewart,21,DET,50,1414,13.1,0.56,0.465,0.338,8.7,23.3,15.8,7.3,0.7,2.1,11.8,17.3,1.1,0.9,2,0.068,-1,-1.1,-2.1,0,
Max Strus,26,MIA,80,2272,10.8,0.557,0.713,0.113,2.4,11.2,6.7,11.2,0.9,0.5,7.8,17.6,1.5,1.9,3.4,0.071,-0.8,-0.9,-1.7,0.2,
Jalen Suggs,21,ORL,53,1246,12.5,0.528,0.455,0.268,5,9.6,7.3,18,2.6,2.1,15.9,20.3,-0.2,1.5,1.4,0.053,-1.8,0.8,-1,0.3,
Edmond Sumner,27,BRK,53,736,14,0.597,0.323,0.401,2,9.9,6,13.3,2.1,1.2,13.6,22.1,0.6,0.7,1.3,0.086,-2.4,-0.2,-2.6,-0.1,
Cole Swider,23,LAL,7,41,7.4,0.5,0.889,0,2.7,15.2,9.1,12,0,0,0,9.3,0,0,0.1,0.08,-2.9,-0.5,-3.4,0,
Jae'Sean Tate,27,HOU,31,677,12.2,0.546,0.201,0.301,6.6,12.6,9.6,18.2,1.5,1,15.3,18.8,0.4,0.3,0.7,0.049,-2.8,-0.7,-3.5,-0.3,
Jayson Tatum,24,BOS,74,2732,23.7,0.607,0.44,0.399,3.2,22.5,13,20.9,1.4,1.6,10.4,32.7,6.2,4.3,10.5,0.185,4.8,0.7,5.5,5.1,
Terry Taylor,23,TOT,31,264,11,0.557,0.253,0.147,11.4,8.4,9.9,5.1,0.5,2,10.1,14.2,0.2,0.1,0.3,0.054,-2.3,-1.8,-4.1,-0.1,
Garrett Temple,36,NOP,25,162,10.5,0.535,0.578,0.089,3.5,8.4,5.9,10.6,2.7,1.2,7.9,13.4,0.1,0.2,0.3,0.094,-2.5,1.6,-1,0,
Dalen Terry,20,CHI,38,214,14.1,0.523,0.375,0.292,6.5,13,9.8,14.1,2.5,2.3,9,18.4,0.1,0.3,0.5,0.105,-1.7,1.7,0,0.1,
Daniel Theis,30,IND,7,109,14.2,0.497,0.25,0.273,7.1,15.2,11.2,12.2,0.9,4.7,5.7,20.1,0,0.1,0.1,0.046,-0.9,-0.5,-1.4,0,
Cam Thomas,21,BRK,57,948,14.7,0.567,0.292,0.382,1,10.1,5.6,12.7,1,0.6,10.6,27.8,0.3,0.7,1,0.049,-0.7,-2,-2.7,-0.2,
Klay Thompson,32,GSW,69,2279,14.7,0.576,0.584,0.105,1.9,11.7,6.9,11,1,1.1,8.6,26.4,1.2,1.9,3.1,0.066,1.5,-1.7,-0.3,1,
JT Thor,20,CHO,69,969,7,0.506,0.517,0.197,3.9,13,8.4,4.9,1.1,2.1,14.5,13.1,-0.6,0.8,0.2,0.009,-4.3,-0.4,-4.7,-0.7,
Matisse Thybulle,25,TOT,71,1200,10.5,0.552,0.585,0.111,3.9,9.7,6.8,5.9,3.4,2.4,8.3,10.6,0.6,1.5,2.1,0.086,-2.7,2.2,-0.5,0.4,
Xavier Tillman Sr.,24,MEM,61,1180,17.3,0.621,0.049,0.291,10.9,16.7,13.8,10.9,2.3,2.2,11.3,13.7,2.3,1.9,4.2,0.171,0.3,1.7,1.9,1.2,
Isaiah Todd,21,WAS,6,61,-1,0.226,0.526,0.105,3.8,17.6,10.9,7.9,0.8,0,9.1,15.6,-0.2,0,-0.2,-0.147,-10.3,-3.9,-14.2,-0.2,
Obi Toppin,24,NYK,67,1050,13.6,0.565,0.589,0.112,3,16.6,9.8,9.2,1.1,1.1,8,19.5,1.1,1,2.1,0.095,0.3,-0.8,-0.5,0.4,
Juan Toscano-Anderson,29,TOT,52,700,7.2,0.505,0.301,0.168,4.4,14.4,9.5,11.8,1.1,1.2,18.1,11.3,-0.1,0.6,0.5,0.038,-4.6,0.8,-3.8,-0.3,
Karl-Anthony Towns,27,MIN,29,957,18.8,0.618,0.383,0.315,5.7,21.6,13.8,22,1,1.5,15,25.6,1.5,1.1,2.7,0.133,2.1,0.9,3,1.2,
Gary Trent Jr.,24,TOR,66,2118,15,0.56,0.481,0.219,1.5,8.2,4.6,7.4,2.4,0.6,5.1,21.7,2.5,2,4.5,0.102,0.2,0,0.2,1.2,
P.J. Tucker,37,PHI,75,1920,5.7,0.566,0.622,0.102,5.9,12.1,9.1,3.9,1,0.7,15.8,6.5,0.9,1.7,2.5,0.064,-3.2,0.2,-3,-0.5,
Myles Turner,26,IND,62,1825,20,0.651,0.34,0.377,5.4,22.9,14.2,7.5,0.9,6.6,10.8,22,3.4,2,5.4,0.142,1.4,0.7,2.1,1.9,
Jonas Valan?i?nas,30,NOP,79,1968,19.3,0.61,0.134,0.275,13,33.3,23.1,11.1,0.5,2.5,14.8,23.4,2.8,3,5.8,0.142,0,-0.4,-0.4,0.8,
Jarred Vanderbilt,23,TOT,78,1879,15.1,0.604,0.2,0.308,10,23.2,16.7,13.1,2.1,0.9,15.9,13.6,2.7,2.5,5.2,0.132,-0.6,1.6,1.1,1.5,
Fred VanVleet,28,TOR,69,2535,17,0.54,0.545,0.254,1.2,12,6.3,28.1,2.4,1.5,10.2,23.2,3.7,2.8,6.5,0.123,2,0.5,2.5,2.9,
Devin Vassell,22,SAS,38,1178,15.5,0.55,0.447,0.168,0.7,13.5,6.9,17.3,1.7,1.2,8.2,24.4,0.7,0.5,1.2,0.051,1.3,-0.9,0.4,0.7,
Gabe Vincent,26,MIA,68,1759,9,0.533,0.617,0.138,1.7,8.1,4.8,13.9,1.8,0.3,13.3,17.5,-0.3,1.7,1.4,0.038,-3.1,-0.3,-3.4,-0.6,
Noah Vonleh,27,BOS,23,171,5.9,0.502,0.167,0.083,11.7,18.8,15.3,5.1,0.6,4,30.7,9.2,0,0.3,0.2,0.06,-7,0.7,-6.3,-0.2,
Nikola Vu?evi?,32,CHI,82,2746,19.1,0.594,0.302,0.138,6.7,30.2,18.6,14.6,1.1,2,10.2,21.9,3.9,4.4,8.3,0.145,1.9,0.7,2.7,3.2,
Dean Wade,26,CLE,44,891,8.5,0.55,0.718,0.13,2.6,17.2,9.9,5.4,1.6,2.2,8.3,10.2,0.4,1.4,1.8,0.097,-2.9,2.1,-0.7,0.3,
Franz Wagner,21,ORL,80,2609,15.9,0.589,0.322,0.288,3,11.2,7.1,17.2,1.4,0.6,11.7,23.5,3.1,2.3,5.4,0.099,0.4,-0.5,-0.1,1.3,
Moritz Wagner,25,ORL,57,1109,17.4,0.63,0.412,0.46,7,19.4,13.2,11.5,1.6,1.1,12.5,21.1,2.1,1.3,3.4,0.149,0.4,0.2,0.6,0.7,
Ish Wainright,28,PHO,60,915,9.2,0.522,0.762,0.137,5.3,11.6,8.4,7.4,2,2.2,8.4,12.2,0.5,1.2,1.7,0.089,-2.7,1.5,-1.2,0.2,
Jabari Walker,20,POR,56,619,9.6,0.496,0.283,0.227,8.8,15.5,12.2,7.8,0.8,1.9,11.8,17.3,-0.1,0.3,0.2,0.015,-3.9,-2.1,-6.1,-0.6,
Kemba Walker,32,DAL,9,144,15,0.543,0.491,0.368,2.4,10.6,6.5,20.1,0.7,1.2,5.7,22.1,0.2,0.1,0.3,0.098,0.3,-0.6,-0.3,0.1,
Lonnie Walker IV,24,LAL,56,1297,12.2,0.57,0.472,0.201,1.2,7.6,4.5,7,1.1,1.1,7.4,20.2,0.8,1,1.8,0.066,-0.9,-0.5,-1.4,0.2,
John Wall,32,LAC,34,755,13.6,0.498,0.322,0.334,2.1,11.4,6.8,35.3,1.8,1.4,17.1,27,-0.4,0.7,0.3,0.02,-0.8,-0.4,-1.2,0.1,
T.J. Warren,29,TOT,42,687,13.5,0.55,0.248,0.13,4.2,15.4,9.8,8.7,1.6,1.5,6.5,19.5,0.4,0.8,1.2,0.081,-1.7,-0.2,-2,0,
Duane Washington Jr.,22,PHO,31,394,9.3,0.458,0.434,0.094,0.6,9.8,5.1,25.2,0.7,0.9,11.3,32.5,-0.8,0.3,-0.5,-0.065,-1.8,-2.8,-4.6,-0.3,
P.J. Washington,24,CHO,73,2380,12.9,0.542,0.438,0.178,3.2,13,8,11,1.3,2.9,9.4,20.6,0.4,2.2,2.6,0.052,-1,-0.3,-1.3,0.4,
TyTy Washington Jr.,21,HOU,31,433,7.5,0.432,0.5,0.113,0.5,11,5.7,15.3,1.7,0.5,7.7,17.4,-0.3,0.1,-0.1,-0.016,-5,-1.3,-6.3,-0.5,
Yuta Watanabe,28,BRK,58,928,12.1,0.637,0.582,0.203,3.7,13.1,8.5,7,1.3,1.6,8,13.1,1.3,0.9,2.1,0.111,-0.4,-0.2,-0.6,0.3,
Lindy Waters III,25,OKC,41,531,11.8,0.573,0.91,0.112,3.2,12.2,7.6,7,1.3,1.9,5.1,15.5,0.6,0.5,1.1,0.101,0.5,-0.4,0.1,0.3,
Trendon Watford,22,POR,62,1182,13.6,0.625,0.198,0.31,4.1,19.2,11.6,16,1.3,0.9,16.2,16.1,1.3,0.7,2.1,0.084,-1.4,-0.4,-1.8,0.1,
Peyton Watson,20,DEN,23,186,12.8,0.553,0.237,0.339,5.1,17.4,11.4,7.9,0.5,5.2,10.6,17.7,0.1,0.2,0.3,0.073,-2.7,-0.1,-2.8,0,
Blake Wesley,19,SAS,37,669,3.5,0.393,0.242,0.205,1.7,11.9,6.6,18.8,1.8,0.6,21.7,18.5,-1.9,0.3,-1.6,-0.114,-7.9,-1.8,-9.6,-1.3,
Russell Westbrook,34,TOT,73,2126,16.1,0.513,0.289,0.317,4.7,16.5,10.8,38.6,1.7,1.3,18.4,27.7,-0.6,2.6,1.9,0.044,0.3,-0.1,0.2,1.2,
Coby White,22,CHI,74,1730,12.5,0.572,0.579,0.118,1.1,12.6,6.9,16.3,1.5,0.3,10.6,17.9,1.2,1.9,3.1,0.087,-1,0.2,-0.8,0.5,
Derrick White,28,BOS,82,2319,15.4,0.604,0.516,0.253,2.5,11.2,6.9,19.4,1.1,2.8,10.1,17.7,4.4,3.1,7.4,0.154,1.1,1.3,2.4,2.6,
Jack White,25,DEN,17,66,12.6,0.517,0.474,0.158,10.7,18.6,14.8,7.7,2.2,2.7,9,14.7,0.1,0.1,0.1,0.108,-2.6,0.7,-1.9,0,
Joe Wieskamp,23,TOR,9,50,-0.4,0.321,0.857,0,0,9.8,4.5,7.4,0,0,6.7,12.8,-0.1,0,-0.1,-0.076,-7,-3.6,-10.6,-0.1,
Aaron Wiggins,24,OKC,70,1297,12.2,0.607,0.336,0.196,5.5,12,8.7,8.3,1.4,1.1,12.2,14.5,1.4,1.2,2.6,0.097,-1.5,-0.5,-2.1,0,
Andrew Wiggins,27,GSW,37,1190,14.7,0.564,0.425,0.136,5.7,11.3,8.6,10.5,1.8,2.1,7.9,21.5,1,1.3,2.3,0.091,-0.1,-0.4,-0.5,0.5,
Lindell Wigginton,24,MIL,7,87,11.8,0.61,0.486,0.243,0,8.1,4.2,23.8,0,1.9,22.7,25.6,0,0.1,0.1,0.028,-3.1,-3.6,-6.7,-0.1,
Grant Williams,24,BOS,79,2045,10.3,0.605,0.611,0.256,4.7,14.5,9.7,8.4,1,1.3,13.4,13.1,1.9,2.6,4.4,0.104,-1.8,0.7,-1.1,0.5,
Jalen Williams,21,OKC,75,2276,15.6,0.601,0.258,0.241,3.9,12.2,7.9,15.4,2.1,1.4,12.3,18.4,3,2.6,5.6,0.119,-0.4,0.7,0.3,1.3,
Jaylin Williams,20,OKC,49,914,11.2,0.559,0.483,0.231,5.1,23.6,14.1,10.7,1.5,1.2,12.6,13.5,0.7,1.2,1.9,0.099,-2.3,0.6,-1.7,0.1,
Kenrich Williams,28,OKC,53,1206,14.4,0.585,0.387,0.113,8.5,14.9,11.6,11.7,1.8,1.1,8.1,13.7,2,1.3,3.3,0.133,0.1,0.4,0.5,0.8,
Mark Williams,21,CHO,43,828,19.8,0.659,0,0.386,11.7,27.7,19.6,3.3,1.6,4.7,12,17,1.5,1.3,2.8,0.163,-0.5,0.6,0.1,0.4,
Patrick Williams,21,CHI,82,2323,11.2,0.576,0.409,0.155,3.9,12,8,5.8,1.5,2.9,12.3,15.7,0.5,3,3.5,0.072,-1.7,0.4,-1.3,0.4,
Robert Williams,25,BOS,35,824,19.8,0.742,0.006,0.241,14,24.5,19.3,8.5,1.3,5,15.3,11.8,2.3,1.6,3.8,0.224,1,2.4,3.3,1.1,
Vince Williams Jr.,22,MEM,15,105,3.9,0.367,0.7,0.05,4,11.1,7.6,4.8,2.7,1.7,10.9,18.1,-0.3,0.2,-0.1,-0.049,-8.3,-0.2,-8.5,-0.2,
Ziaire Williams,21,MEM,37,561,7.4,0.511,0.495,0.112,3,11.9,7.5,8.2,1.2,1,15.2,18,-0.5,0.6,0.1,0.011,-4.7,-0.8,-5.6,-0.5,
Zion Williamson,22,NOP,29,956,25.2,0.652,0.041,0.529,6.9,17,12,24.4,1.6,1.6,14.6,30.4,2.3,1.2,3.6,0.18,4.8,1,5.8,1.9,
Justise Winslow,26,POR,29,776,9.3,0.466,0.227,0.141,7.2,14.3,10.7,17.2,1.9,1.3,17,14.2,-0.1,0.5,0.4,0.022,-3.4,0.6,-2.8,-0.2,
James Wiseman,21,TOT,45,867,15.6,0.589,0.059,0.286,9.2,25.2,17,5.5,0.4,2.7,11.8,21.2,0.7,0.7,1.4,0.077,-2.1,-1.4,-3.5,-0.3,
Christian Wood,27,DAL,67,1738,20.6,0.624,0.363,0.365,5.8,27.4,16.4,11.7,0.9,3.7,11.9,26.4,2.7,2.1,4.8,0.132,1.9,-0.3,1.7,1.6,
Delon Wright,30,WAS,50,1221,16.3,0.581,0.409,0.206,5.5,10.7,8.2,20.9,3.7,1.2,12.2,12.9,2.1,1.6,3.7,0.146,0.4,3.1,3.4,1.7,
McKinley Wright IV,24,DAL,27,335,12.4,0.536,0.286,0.194,3.1,13.4,8.2,25.2,1.2,1.3,15.2,16.9,0.2,0.2,0.5,0.069,-1.9,-0.8,-2.7,-0.1,
Thaddeus Young,34,TOR,54,795,14.1,0.573,0.172,0.131,9.4,14.6,11.8,12.9,3.4,0.6,16.7,13.5,0.7,1.1,1.8,0.109,-1.8,1.9,0.1,0.4,
Trae Young,24,ATL,73,2541,22,0.573,0.331,0.46,2.4,7,4.7,42.5,1.5,0.3,15.2,32.6,5.3,1.4,6.7,0.126,5.3,-2,3.3,3.4,
Omer Yurtseven,24,MIA,9,83,16.7,0.675,0.259,0.222,10.9,21.9,16.2,3.9,1.2,2.5,11.9,18,0.2,0.1,0.3,0.159,-2.5,-1.5,-3.9,0,
Cody Zeller,30,MIA,15,217,16.4,0.659,0.034,0.593,13,21.8,17.3,7.2,0.7,1.9,15.8,18.1,0.4,0.3,0.7,0.147,-2,-0.7,-2.8,0,
Ivica Zubac,25,LAC,76,2170,16.7,0.661,0.004,0.463,12.3,26.5,19.5,5.1,0.7,4,15.9,14.8,3.8,2.9,6.7,0.149,-1.1,0.2,-0.9,0,
